id,registration,make,model,primaryColour,fuelType
36214,BO55MHP,AUDI,Q7,WHITE,DIESEL
54626,BO55BBU,BMW,Unknown,SILVER,PETROL
57572,BO55HWW,AUDI,A6,SILVER,DIESEL
74915,BO55TRH,FERRARI,"FF V12",GREY,PETROL
79425,BO55CCC,MERCEDES,S-Class,BLACK,DIESEL
87538,BO55JMA,JAGUAR,XF,BLUE,DIESEL
95650,BO55DNL,"LAND ROVER","RANGE ROVER SPORT",WHITE,DIESEL
98525,BO55UFT,"LAND ROVER","RANGE ROVER SPORT",SILVER,PETROL
99814,BO55GYA,MERCEDES,CLS,BLACK,DIESEL
103591,BO55KVB,MERCEDES,CLK,BLACK,PETROL
111796,BO55NYD,BENTLEY,CONTINENTAL,Black,Petrol
113753,BO55NDL,"LAND ROVER","RANGE ROVER SPORT",Silver,Petrol
142355,BO55CRZ,"EASY RIDER","M 50 JC 50 Q-7",Black,Petrol
154235,BO55LYN,MERCEDES-BENZ,SL,White,Petrol
165489,BO55KEY,"LAND ROVER","RANGE ROVER SPORT",Black,Diesel
172499,BO55JTA,MERCEDES-BENZ,VITO,Silver,Diesel
176355,BO55DKC,BMW,"3 SERIES",Grey,Diesel
209338,BO55JLX,"LAND ROVER","RANGE ROVER",Black,Diesel
234814,BO55SFR,"ASTON MARTIN",VANTAGE,Black,Petrol
242807,BO55ODD,BENTLEY,CONTINENTAL,Black,Petrol
246787,BO55EUK,AUDI,A8,Red,Petrol
254491,BO55NEP,PORSCHE,CAYENNE,White,Diesel
259141,BO55MUK,AUDI,Q7,White,Diesel
266294,BO55LWL,BENTLEY,CONTINENTAL,Black,Petrol
280505,BO55BAR,BENTLEY,CONTINENTAL,Black,Petrol
281859,BO55JOB,BENTLEY,AZURE,Blue,Petrol
287802,BO55SUT,"LAND ROVER","RANGE ROVER SPORT",White,Diesel
288206,BO55KSU,FERRARI,F430,Red,Petrol
289457,BO55AJL,"LAND ROVER","RANGE ROVER",Black,Diesel
373773,BO55GOA,LEXUS,RX450H,White,"Hybrid Electric (Clean)"
473848,BO55SMZ,"ASTON MARTIN",VANTAGE,Black,Petrol
480956,BO55PWW,PORSCHE,CAYENNE,Black,Petrol
583612,BO55WFP,MINI,MINI,Red,Petrol
586279,BO55GJK,VOLKSWAGEN,GOLF,White,Diesel
594147,BO55CRN,VOLVO,XC90,Blue,Diesel
638321,BO55KWR,FORD,TRANSIT,White,Diesel
687820,BO55NHT,MINI,MINI,Silver,Petrol
707931,BO55FRG,VOLVO,S60,Blue,Diesel
752925,BO55DDX,"LAND ROVER","RANGE ROVER SPORT",Blue,Diesel
878202,BO55GPS,KIA,SORENTO,Silver,Diesel
882254,BO55ANJ,NISSAN,MICRA,Silver,Petrol
913195,BO55SEJ,NISSAN,GT-R,Silver,Petrol
928640,BO55OAP,MINI,MINI,Silver,Diesel
930136,BO55RTF,"LAND ROVER",DISCOVERY,Black,Diesel
988314,BO55BMP,BMW,X5,Grey,Diesel
1013683,BO55GHC,"LAND ROVER","RANGE ROVER SPORT",Blue,Diesel
1015399,BO55REH,VOLKSWAGEN,GOLF,Grey,Petrol
1051976,BO55HLE,"LAND ROVER",DISCOVERY,Black,Diesel
1056771,BO55TWB,VOLKSWAGEN,PASSAT,Grey,Diesel
1068242,BO55MXH,BMW,"3 SERIES",Silver,Diesel
1073328,BO55NHG,BENTLEY,CONTINENTAL,Grey,Petrol
1180806,BO55MDO,"LAND ROVER","RANGE ROVER SPORT",Blue,Diesel
1184172,BO55DRP,"LAND ROVER",DISCOVERY,Grey,Diesel
1274483,BO55OBJ,MITSUBISHI,L200,Black,Diesel
1277194,BO55RLX,"HARLEY DAVIDSON","VRSCDX NIGHT ROD SPECIAL",Black,Petrol
1284485,BO55ASX,BMW,635,Grey,Diesel
1286576,BO55VRR,NISSAN,NAVARA,Black,Diesel
1296363,BO55EKA,VAUXHALL,INSIGNIA,Brown,Diesel
1361225,BO55YMP,BMW,"3 SERIES",Black,Diesel
1381281,BO55PDF,BMW,Z4,Black,Petrol
1399092,BO55PZA,BENTLEY,MULSANNE,Blue,Petrol
1496248,BO55DNR,"LAND ROVER","RANGE ROVER",Silver,Petrol
1576530,BO55BOA,"LAND ROVER","RANGE ROVER SPORT",Silver,Diesel
1587985,BO55RNM,AUDI,ALLROAD,Blue,Diesel
1649617,BO55DPD,BMW,535,Black,Diesel
1668059,BO55KDG,MITSUBISHI,L200,White,Diesel
1702488,BO55SXO,JAGUAR,XJ,Black,Petrol
1772487,BO55PMJ,BENTLEY,CONTINENTAL,Black,Petrol
1811182,BO55ZDA,VOLKSWAGEN,BEETLE,Red,Petrol
1835727,BO55YSE,AUDI,TT,Black,Petrol
2028799,BO55UDT,SEAT,IBIZA,Black,Diesel
2029777,BO55ACW,"LAND ROVER","RANGE ROVER",Black,Diesel
2052707,BO55KNU,VOLVO,C30,White,Petrol
2071671,BO55HYN,AUDI,S5,Black,Petrol
2083231,BO55FCO,FORD,"TRANSIT CONNECT",White,Diesel
2111718,BO55LJF,AUDI,A5,Blue,Petrol
2113245,BO55WEJ,AUDI,TT,Black,Petrol
2224687,BO55HGA,PORSCHE,"PANAMERA D V6 TIPTRONIC AUTO",White,Diesel
2252660,BO55AKS,"LAND ROVER","RANGE ROVER",Black,Diesel
2286978,BO55HND,VOLVO,C30,Black,Diesel
2327043,BO55VLG,MERCEDES-BENZ,SLK,Silver,Petrol
2343090,BO55AAH,BMW,"3 SERIES",Blue,Diesel
2374146,BO55ZCH,VOLKSWAGEN,EOS,Blue,Petrol
2403885,BO55ROS,"LAND ROVER","RANGE ROVER SPORT",Grey,Diesel
2437285,BO55GGA,NISSAN,NAVARA,Grey,Diesel
2441631,BO55FMD,"LAND ROVER","RANGE ROVER SPORT",Grey,Diesel
2450643,BO55ZUP,"LAND ROVER","RANGE ROVER",Grey,Diesel
2459295,BO55PXX,"LAND ROVER","RANGE ROVER SPORT",Black,Diesel
2516109,BO55WAF,BMW,118,Grey,Petrol
2538014,BO55DRS,JAGUAR,XJ,Gold,Diesel
2593154,BO55WGD,VAUXHALL,ASTRA,Black,Diesel
2614887,BO55PLT,FORD,TRANSIT,Red,Diesel
2651651,BO55JWA,VAUXHALL,VIVARO,White,Diesel
2657361,BO55WCN,MERCEDES-BENZ,VITO,Silver,Diesel
2677761,BO55KJH,FORD,MONDEO,Brown,Petrol
2688786,BO55DUV,AUDI,A5,White,Petrol
2725328,BO55LWS,VOLKSWAGEN,CRAFTER,White,Diesel
2731717,BO55GDZ,BMW,X3,Black,Diesel
2749768,BO55LMY,"LAND ROVER",FREELANDER,Black,Diesel
2757423,BO55LMF,VOLKSWAGEN,CRAFTER,White,Diesel
2758152,BO55URR,"LAND ROVER",DISCOVERY,Black,Diesel
3018307,BO55GGY,"LAND ROVER",DISCOVERY,Blue,Diesel
3023834,BO55TTF,FORD,MONDEO,Orange,Diesel
3045172,BO55RTD,MERCEDES-BENZ,E,Black,Diesel
3125703,BO55OGM,VOLKSWAGEN,TRANSPORTER,Black,Diesel
3158013,BO55EEC,PORSCHE,BOXSTER,Black,Petrol
3196132,BO55CDC,"LAND ROVER",DISCOVERY,Silver,Diesel
3208671,BO55GJN,"LAND ROVER","RANGE ROVER",Black,Petrol
3214796,BO55YGO,AUDI,Q5,White,Diesel
3258447,BO55JJS,BMW,520,Silver,Diesel
3271502,BO55UKS,CHRYSLER,"300 C",Black,Petrol
3278913,BO55LNY,VOLKSWAGEN,GOLF,White,Diesel
3287006,BO55KVC,BMW,730,Black,Diesel
3294706,BO55SXS,FORD,TRANSIT,White,Diesel
3406428,BO55LVD,PEUGEOT,207,White,Petrol
3452000,BO55ATV,MERCEDES-BENZ,SPRINTER,Silver,Diesel
3468334,BO55DGT,VOLKSWAGEN,GOLF,Silver,Diesel
3584040,BO55XMA,"LAND ROVER",DISCOVERY,Grey,Diesel
3640154,BO55NTU,AUDI,A4,Red,Diesel
3647977,BO55SNG,BMW,"3 SERIES",White,Petrol
3716644,BO55YBB,VAUXHALL,ASTRA,Silver,Diesel
3781682,BO55OKE,BMW,X5,Black,Diesel
3785412,BO55TTC,"LAND ROVER",FREELANDER,Grey,Diesel
3807218,BO55ODE,VOLKSWAGEN,GOLF,Grey,Diesel
3816236,BO55JRR,AUDI,Q7,White,Diesel
4086853,BO55HMC,BENTLEY,CONTINENTAL,Cream,Petrol
4152835,BO55WEZ,VAUXHALL,VIVARO,White,Diesel
4163448,BO55RJF,SAAB,9-3,Grey,Diesel
4255431,BO55FKU,RENAULT,MEGANE,Orange,Petrol
4257138,BO55EZL,MERCEDES-BENZ,CLK,Silver,Diesel
4264342,BO55DYM,"LAND ROVER",DISCOVERY,Black,Diesel
4331153,BO55ROK,MERCEDES,"BENZ CLK 350",Black,Diesel
4347571,BO55BLM,VOLKSWAGEN,FOX,Red,Petrol
4395747,BO55NJY,VAUXHALL,ASTRA,Silver,Diesel
4406023,BO55DTK,VOLVO,XC90,Blue,Diesel
4434712,BO55CVR,PORSCHE,CAYENNE,Red,Petrol
4489719,BO55KOA,BMW,"3 SERIES",Grey,Diesel
4609617,BO55SAS,DODGE,RAM,Black,Diesel
4685966,BO55HMK,VOLKSWAGEN,TRANSPORTER,Blue,Diesel
4776251,BO55BYY,VAUXHALL,INSIGNIA,Blue,Diesel
4778282,BO55HVV,"HARLEY DAVIDSON",XL883N,Black,Petrol
4887653,BO55GDM,VAUXHALL,VIVARO,Silver,Diesel
5006764,BO55RYA,HYUNDAI,I800,Silver,Diesel
5068656,BO55GVM,HYUNDAI,TERRACAN,Black,Diesel
5096496,BO55POT,"LAND ROVER",DISCOVERY,Black,Diesel
5107698,BO55ZDN,AUDI,Q7,Black,Diesel
5138571,BO55VTS,CITROEN,C2,Red,Petrol
5155564,BO55EDM,VAUXHALL,ASTRA,Grey,Petrol
5159593,BO55KDP,BMW,M3,Grey,Petrol
5160376,BO55GAB,MERCEDES-BENZ,E,Black,Diesel
5163380,BO55DJZ,TOYOTA,HILUX,Blue,Diesel
5165152,BO55GDG,VAUXHALL,INSIGNIA,Grey,Diesel
5168220,BO55CMD,AUDI,A5,Black,Diesel
5302090,BO55NEZ,FORD,GALAXY,Blue,Diesel
5303057,BO55GMT,HONDA,"CBF 1000 A-6",Silver,Petrol
5476923,BO55OPF,"LAND ROVER",DISCOVERY,Gold,Diesel
5494700,BO55HAO,"LAND ROVER",DEFENDER,Black,Diesel
5631642,BO55BKY,AUDI,A6,Blue,Diesel
5706190,BO55DAU,"ASTON MARTIN",DB9,Grey,Petrol
5736127,BO55RCG,JAGUAR,XJ,Grey,Petrol
5741323,BO55HLL,"LAND ROVER","RANGE ROVER",Black,Diesel
5811816,BO55VCL,"LAND ROVER","RANGE ROVER",Black,Diesel
5812271,BO55RNG,"LAND ROVER","RANGE ROVER EVOQUE",Silver,Diesel
5834045,BO55GAE,"LAND ROVER","RANGE ROVER EVOQUE",White,Diesel
5907417,BO55NGC,AUDI,A8,Black,Diesel
5958201,BO55OJJ,"LAND ROVER",DISCOVERY,Blue,Diesel
5966851,BO55MRU,VOLKSWAGEN,POLO,Black,Petrol
6011131,BO55TRK,"LAND ROVER",DEFENDER,Black,Diesel
6025002,BO55YBM,BMW,M3,White,Petrol
6078864,BO55EMV,PEUGEOT,BOXER,Silver,Diesel
6082804,BO55FMR,NISSAN,NAVARA,Silver,Diesel
6248674,BO55RUB,VOLKSWAGEN,CADDY,Silver,Diesel
6252718,BO55JZF,MERCEDES-BENZ,ML,Grey,Diesel
6285428,BO55BUC,PORSCHE,911,Silver,Petrol
6361117,BO55WDL,BMW,ALPINA,White,Petrol
6403894,BO55OTC,AUDI,A8,Black,Diesel
6419233,BO55HPH,"LAND ROVER",DEFENDER,Grey,Diesel
6469732,BO55NOG,VOLKSWAGEN,PASSAT,Black,Diesel
6496480,BO55NPK,AUDI,A7,Black,Diesel
6501882,BO55TSX,MERCEDES-BENZ,E,Silver,Diesel
6504899,BO55NDG,MERCEDES-BENZ,C,White,Diesel
6563246,BO55ZMR,BMW,X5,Blue,Petrol
6623961,BO55JPP,AUDI,A3,Red,Diesel
6702835,BO55FYT,FORD,KUGA,Black,Diesel
6862636,BO55ATY,MERCEDES-BENZ,E,Black,Diesel
6961637,BO55JKN,BMW,M3,Black,Petrol
7057873,BO55FFD,"LAND ROVER","RANGE ROVER SPORT",Black,Diesel
7063148,BO55WHO,PORSCHE,"PANAMERA D V6 TIPTRONIC AUTO",White,Diesel
7069930,BO55TKA,AUDI,Q5,Black,Diesel
7130572,BO55WHE,"EASY RIDER","M 50 JC 50 Q-7",Black,Petrol
7136104,BO55LZS,VOLKSWAGEN,CADDY,Black,Diesel
7141380,BO55MUD,"LAND ROVER",DEFENDER,Grey,Diesel
7210962,BO55SWN,TOYOTA,"LAND CRUISER",Silver,Diesel
7248794,BO55NSB,MERCEDES-BENZ,CLS,Black,Diesel
7256755,BO55KHL,HYUNDAI,"SANTA FE",Silver,Diesel
7258807,BO55MLC,AUDI,Q7,Grey,Diesel
7310996,BO55VJB,FORD,S-MAX,Silver,Diesel
7315775,BO55SGE,PORSCHE,911,Black,Petrol
7360192,BO55EUG,"SMART (MCC)",FORFOUR,Black,Petrol
7523147,BO55WOL,DODGE,PICKUP,Black,Diesel
7580036,BO55PHP,TOYOTA,AVENSIS,Blue,Petrol
7626423,BO55GJC,PORSCHE,BOXSTER,Blue,Petrol
7628755,BO55KAS,BMW,X5,Black,Diesel
7675504,BO55JFP,"LAND ROVER","RANGE ROVER EVOQUE",White,Diesel
7679357,BO55BRG,"LAND ROVER","RANGE ROVER",Black,Diesel
7743272,BO55DPY,AUDI,A4,Silver,Diesel
7749139,BO55AAP,"LAND ROVER",DISCOVERY,Green,Diesel
7749152,BO55ACU,"LAND ROVER",DISCOVERY,Black,Diesel
7749168,BO55AFM,AUDI,A5,White,Petrol
7750292,BO55ULE,AUDI,A8,Black,Diesel
7751017,BO55CPB,FORD,RANGER,Black,Diesel
7751022,BO55CRO,MERCEDES-BENZ,C,Silver,Diesel
7751031,BO55CVS,DODGE,SRT-8,Black,Petrol
7751057,BO55AXL,MINI,MINI,Black,Petrol
7751064,BO55DHB,"LAND ROVER","RANGE ROVER",Gold,Diesel
7751072,BO55DJP,VOLKSWAGEN,TRANSPORTER,Silver,Diesel
7751073,BO55DJR,AUDI,A6,Green,Petrol
7751075,BO55DLB,JAGUAR,XK,Green,Petrol
7751081,BO55DMJ,AUDI,Q7,Black,Diesel
7751086,BO55DNE,VAUXHALL,VECTRA,Blue,Petrol
7751114,BO55DUS,AUDI,Q7,Grey,Diesel
7751131,BO55EHE,"LAND ROVER","RANGE ROVER",Black,Petrol
7751144,BO55ETC,MERCEDES-BENZ,CLS,Silver,Diesel
7751150,BO55FAB,JAGUAR,XKR,Black,Petrol
7751185,BO55GHS,FERRARI,F430,Red,Petrol
7751192,BO55GMK,AUDI,R8,Red,Petrol
7751197,BO55GRA,MERCEDES-BENZ,SL,Black,Petrol
7751205,BO55GSP,NISSAN,GT-R,Grey,Petrol
7751210,BO55GTS,BMW,730,Blue,Diesel
7751218,BO55GWW,"LAND ROVER","RANGE ROVER VELAR",Grey,Diesel
7751227,BO55HEL,AUDI,A4,Silver,Petrol
7751228,BO55HEN,"LAND ROVER","RANGE ROVER",Black,Diesel
7751311,BO55TBP,"LAND ROVER",DEFENDER,Black,Diesel
7751317,BO55TEC,JAGUAR,XKR,Red,Petrol
7751332,BO55TJR,TOYOTA,HILUX,Silver,Diesel
7751380,BO55VON,RENAULT,CLIO,Black,Petrol
7751385,BO55YDG,AUDI,RS6,Blue,Petrol
7751388,BO55WDR,FORD,FIESTA,Silver,Petrol
7751397,BO55WMB,VOLKSWAGEN,LT,White,Diesel
7751403,BO55WRC,TOYOTA,HILUX,Silver,Diesel
7751415,BO55YAN,MERCEDES-BENZ,B-CLASS,Black,Petrol
7751417,BO55YBO,"SMART (MCC)","FORTWO COUPE",White,Diesel
7751475,BO55HPW,MERCEDES-BENZ,C,White,Diesel
7751476,BO55HRZ,HONDA,S2000,Blue,Petrol
7751482,BO55HVS,MITSUBISHI,L200,Black,Diesel
7751491,BO55JAK,BMW,"3 SERIES",White,Petrol
7751502,BO55JBW,NISSAN,NAVARA,Grey,Diesel
7751518,BO55JEX,"LAND ROVER",DEFENDER,Grey,Diesel
7751521,BO55JFJ,MERCEDES-BENZ,CLS,Silver,Petrol
7751529,BO55JHG,JAGUAR,XK,Red,Petrol
7751555,BO55JNR,CORVETTE,Z06,Red,Petrol
7751559,BO55JOD,MERCEDES-BENZ,B-CLASS,Blue,Diesel
7751574,BO55JST,FORD,TRANSIT,Silver,Diesel
7751598,BO55KEU,"DODGE (USA)",RAM,Silver,Diesel
7751602,BO55KGM,MERCEDES-BENZ,E,Silver,Diesel
7751612,BO55KSD,BMW,"5 SERIES",Black,Diesel
7751620,BO55KYM,"LAND ROVER",FREELANDER,Black,Diesel
7751621,BO55LAB,TOYOTA,HILUX,Black,Diesel
7751624,BO55LAM,PORSCHE,PANAMERA,Black,Diesel
7751654,BO55LTC,MERCEDES-BENZ,CLK,Silver,Petrol
7751657,BO55LUK,VAUXHALL,VIVARO,White,Diesel
7751679,BO55MDC,TRIUMPH,TIGER,Black,Petrol
7751681,BO55MDJ,MERCEDES-BENZ,SPRINTER,White,Diesel
7751703,BO55MKH,"ASTON MARTIN",DBS,Black,Petrol
7751714,BO55MOM,AUDI,Q7,White,Diesel
7751736,BO55MVR,"LAND ROVER","RANGE ROVER SPORT",Silver,Petrol
7751740,BO55GLO,VOLKSWAGEN,BEETLE,Yellow,Petrol
7751741,BO55NBE,MITSUBISHI,L200,Black,Diesel
7751743,BO55NBK,HONDA,"ST 1300 A-6",Black,Petrol
7751768,BO55OCJ,BENTLEY,AZURE,Blue,Petrol
7751781,BO55OUS,MINI,MINI,Black,Petrol
7751803,BO55PGA,AUDI,A3,White,Petrol
7751819,BO55PLC,MITSUBISHI,L200,Black,Diesel
7751820,BO55PLE,BMW,525,Silver,Diesel
7751831,BO55PNT,"LAND ROVER","RANGE ROVER",Black,Diesel
7751832,BO55POL,TOYOTA,"LAND CRUISER",Grey,Diesel
7751834,BO55POM,VAUXHALL,VECTRA,Blue,Diesel
7751848,BO55PUD,VOLKSWAGEN,PASSAT,Black,Diesel
7751851,BO55PVC,RENAULT,MASTER,Silver,Diesel
7751856,BO55RAO,MERCEDES-BENZ,SPRINTER,Black,Diesel
7751867,BO55RCD,RENAULT,MASTER,Grey,Diesel
7751872,BO55RGH,SAAB,9-3,Silver,Petrol
7751878,BO55RJJ,"LAND ROVER","RANGE ROVER",Maroon,Petrol
7751888,BO55ROD,JAGUAR,X-TYPE,Blue,Petrol
7751894,BO55RRR,PIAGGIO,VESPA,Black,Petrol
7751896,BO55RSB,MERCEDES-BENZ,SPRINTER,Silver,Diesel
7751906,BO55SAG,TVR,SAGARIS,Multi-colour,Petrol
7751923,BO55SCS,MERCEDES-BENZ,VITO,Grey,Diesel
7751934,BO55SFC,TRIUMPH,"SPEED MASTER 865",Black,Petrol
7751936,BO55SGB,"LAND ROVER","RANGE ROVER SPORT",Black,Diesel
7752009,BO55AHG,MG,"ZT SE V8 260",Grey,Petrol
7752034,BO55AMP,HUMMER,H3,Yellow,Petrol
7752050,BO55APF,MERCEDES-BENZ,E,Black,Diesel
7752072,BO55ATL,MORGAN,ROADSTER,Green,Petrol
7752099,BO55BCR,NISSAN,NAVARA,Blue,Diesel
7752109,BO55BEV,JEEP,"GRAND CHEROKEE CRD LTD A",Black,Diesel
7752111,BO55BGS,"LAND ROVER",DISCOVERY,Silver,Diesel
7752117,BO55BJO,"SMART (MCC)","FORTWO COUPE",Silver,Petrol
7752119,BO55BJW,VOLVO,C30,Red,Diesel
7752120,BO55BKD,"LAND ROVER",DISCOVERY,Black,Diesel
7752123,BO55BLO,YAMAHA,"YZF R6 05",Yellow,Petrol
7752124,BO55BLT,JAGUAR,X-TYPE,Green,Diesel
7752130,BO55BMW,BMW,M5,Blue,Petrol
7752132,BO55BON,VOLKSWAGEN,CRAFTER,White,Diesel
7752137,BO55BSA,MERCEDES-BENZ,VITO,Black,Diesel
7752141,BO55BTL,NISSAN,PRIMASTAR,Silver,Diesel
7752145,BO55BUL,LAMBORGHINI,GALLARDO,Grey,Petrol
7752149,BO55CAJ,AUDI,A6,Grey,Diesel
7752155,BO55CCL,CHRYSLER,"300 C",Silver,Petrol
7752162,BO55CFE,PEUGEOT,107,Black,Petrol
7753916,BO55SJK,FORD,TRANSIT,White,Diesel
7753918,BO55SJR,RENAULT,TRAFIC,Black,Diesel
7753938,BO55JFL,FORD,RANGER,Silver,Diesel
7753948,BO55SRS,"LAND ROVER","RANGE ROVER SPORT",White,Petrol
7753953,BO55SSH,AUDI,R8,Black,Petrol
7753954,BO55SSJ,AUDI,A4,Silver,Petrol
7753958,BO55STG,"LAND ROVER",DISCOVERY,Grey,Diesel
7753971,BO55SXY,"LAND ROVER","RANGE ROVER SPORT",White,Diesel
7753973,BO55SYM,NISSAN,QASHQAI,Black,Diesel
7753974,BO55TAD,HYUNDAI,"SANTA FE",Red,Diesel
7867304,BO55YMO,BMW,"3 SERIES",Blue,Petrol
7914468,BO55RKA,HONDA,CR-V,Black,Petrol
7933177,BO55FZE,LEXUS,CT,Blue,"Hybrid Electric (Clean)"
7934655,BO55TOH,VOLKSWAGEN,CRAFTER,Silver,Diesel
7935771,BO55VSP,VOLKSWAGEN,GOLF,White,Diesel
7939269,BO55OFT,"LAND ROVER",FREELANDER,Grey,Diesel
7940641,BO55RPJ,PORSCHE,CAYENNE,Black,Petrol
7966306,BO55DCV,CITROEN,BERLINGO,White,Diesel
8019579,BO55PKH,AUDI,A8,Black,Diesel
8049670,BO55RJH,BENTLEY,CONTINENTAL,Silver,Petrol
8092958,BO55RYE,AUDI,A4,Grey,Diesel
8135550,BO55LAT,"LAND ROVER",DEFENDER,Black,Diesel
8165659,BO55CSN,BMW,730,Black,Diesel
8208739,BO55ZZE,HONDA,CIVIC,Red,Petrol
8219684,BO55VJH,FORD,FIESTA,Black,Petrol
8297089,BO55TPD,FORD,FOCUS,Red,Petrol
8326099,BO55JSS,BENTLEY,CONTINENTAL,Blue,Petrol
8371023,BO55DEL,MERCEDES-BENZ,C,Black,Petrol
8379781,BO55NDC,FORD,TRANSIT,Blue,Diesel
8452686,BO55TFU,VAUXHALL,VIVARO,Silver,Diesel
8462998,BO55RXX,"LAND ROVER","RANGE ROVER EVOQUE",White,Diesel
8492317,BO55MTX,"LAND ROVER",DEFENDER,Silver,Diesel
8493276,BO55BRS,BMW,"3 SERIES",Silver,Diesel
8589258,BO55EMT,"LAND ROVER","RANGE ROVER SPORT",Blue,Diesel
8613510,BO55ORC,NISSAN,GT-R,Grey,Petrol
8706302,BO55ZEA,SKODA,OCTAVIA,Black,Diesel
8735061,BO55UKO,FORD,C-MAX,Black,Petrol
8742026,BO55BAE,MERCEDES-BENZ,ML,Grey,Diesel
8757689,BO55YPB,HARLEY-DAVIDSON,"XL 883 N IRON 12",Black,Petrol
8767974,BO55AJX,BMW,M6,Black,Petrol
8789466,BO55PBS,FORD,FOCUS,Silver,Petrol
8967402,BO55YUL,BMW,X3,Black,Diesel
9022262,BO55RCE,SMART,"FORTWO PASSION MHD AUTO",Red,Petrol
9030238,BO55TVV,MERCEDES-BENZ,SPRINTER,White,Diesel
9107335,BO55OTN,BMW,116,Black,Petrol
9124875,BO55GXR,SUZUKI,"GSXR 600 K7 ISLE OF MAN",Black,Petrol
9129550,BO55KAN,VOLKSWAGEN,TRANSPORTER,Black,Diesel
9132986,BO55MAR,CITROEN,C8,Grey,Diesel
9225884,BO55CFT,"ASTON MARTIN","V8 VANTAGE",Grey,Petrol
9304979,BO55TUZ,BMW,X6,Green,Diesel
9347198,BO55SGL,MERCEDES-BENZ,C,Silver,Petrol
9354954,BO55CCM,MERCEDES-BENZ,"CL 500",Silver,Petrol
9362395,BO55JEN,VOLKSWAGEN,BEETLE,Blue,Petrol
9594042,BO55BHP,FORD,MUSTANG,Red,Petrol
9595131,BO55WLW,BMW,118,White,Diesel
9597542,BO55OHS,AUDI,A1,Grey,Petrol
9627043,BO55MLD,MASERATI,GRANTURISMO,Black,Petrol
9634072,BO55RVL,VOLVO,C30,White,Diesel
9757531,BO55MBE,MITSUBISHI,COLT,Grey,Diesel
9784794,BO55CPO,AUDI,A3,Red,Petrol
9825946,BO55MJN,NISSAN,NAVARA,Silver,Diesel
9969196,BO55KKM,AUDI,A3,Black,Diesel
9980639,BO55BLY,MERCEDES-BENZ,C,Silver,Petrol
10115634,BO55WFD,AUDI,A3,Black,Petrol
10283112,BO55ETH,FORD,FOCUS,Grey,Diesel
10365815,BO55AUP,"LAND ROVER",DEFENDER,Grey,Diesel
10453086,BO55HRC,AUDI,A4,Black,Petrol
10485863,BO55HTA,MERCEDES-BENZ,SPRINTER,White,Diesel
10600116,BO55MTF,VOLKSWAGEN,POLO,Black,Petrol
10608636,BO55PDK,MITSUBISHI,L200,Grey,Diesel
10685717,BO55EJH,VAUXHALL,ASTRA,Blue,Petrol
10799402,BO55GPP,MERCEDES-BENZ,E,Grey,Diesel
10809698,BO55CKB,FIAT,PANDA,White,Petrol
10921373,BO55SWP,MERCEDES-BENZ,C,Grey,Diesel
10923159,BO55PMR,VOLKSWAGEN,TRANSPORTER,White,Diesel
11040533,BO55CCK,MERCEDES-BENZ,SPRINTER,Silver,Diesel
11075200,BO55YSS,BMW,525,Silver,Diesel
11089519,BO55STL,MERCEDES-BENZ,E,Grey,Diesel
11094009,BO55JGT,VOLKSWAGEN,GOLF,Silver,Petrol
11109359,BO55PRC,MERCEDES-BENZ,E,Grey,Petrol
11133373,BO55TWX,BENTLEY,CONTINENTAL,White,Petrol
11157777,BO55RNH,"LAND ROVER","RANGE ROVER SPORT",Silver,Diesel
11187583,BO55WEG,AUDI,Q7,Silver,Diesel
11206589,BO55TUC,FORD,FOCUS,White,Diesel
11290973,BO55YXM,AUDI,A1,Red,Petrol
11321740,BO55GRP,VOLKSWAGEN,CRAFTER,White,Diesel
11332279,BO55KMG,BMW,535,Grey,Diesel
11368903,BO55UPS,CHRYSLER-JEEP,300,Silver,Diesel
11403175,BO55GTD,MERCEDES-BENZ,ML,Black,Diesel
11575913,BO55DRN,TOYOTA,HILUX,Black,Diesel
11578092,BO55PGR,RENAULT,"TRAFIC LL30 SPORT ENERGY DCI A",Black,Diesel
11579373,BO55JWG,AUDI,R8,Black,Petrol
11581975,BO55CSX,FORD,RANGER,Blue,Diesel
11595630,BO55UTO,AUDI,A6,White,Diesel
11598841,BO55JKP,VOLKSWAGEN,GOLF,Blue,Diesel
11602708,BO55KYY,AUDI,A7,Black,Diesel
11605216,BO55MXR,JAGUAR,XF,Grey,Diesel
11607381,BO55OMM,PORSCHE,CAYENNE,Blue,Petrol
11615495,BO55TBX,JAGUAR,F-TYPE,Black,Petrol
11618246,BO55NXX,MERCEDES-BENZ,C,Blue,Diesel
11627325,BO55VAD,BMW,M4,Blue,Petrol
11646694,BO55TBY,MERCEDES-BENZ,CLS,Black,Petrol
11663811,BO55EKH,NISSAN,JUKE,White,Petrol
11710034,BO55SEY,MERCEDES-BENZ,C,Silver,Petrol
11945991,BO55SZX,VOLKSWAGEN,SCIROCCO,Blue,Diesel
12002968,BO55AJA,BMW,"3 SERIES",Blue,Diesel
12039943,BO55SSC,VAUXHALL,ASTRA,Silver,Petrol
12042864,BO55BGG,MERCEDES-BENZ,SPRINTER,White,Diesel
12043006,BO55KES,MERCEDES-BENZ,SLK,Black,Petrol
12111247,BO55WCH,VAUXHALL,SIGNUM,Blue,Petrol
12131196,BO55OJM,VOLKSWAGEN,GOLF,Blue,Diesel
12307720,BO55CJV,"LAND ROVER","RANGE ROVER",Grey,Diesel
12425472,BO55YCJ,FORD,TRANSIT,White,Diesel
12428582,BO55PHH,NISSAN,QASHQAI,Black,Petrol
12484711,BO55JJK,"LAND ROVER","RANGE ROVER SPORT",Grey,Diesel
12493696,BO55FGM,SEAT,LEON,Black,Petrol
12497512,BO55KBF,LEXUS,IS,Red,"Hybrid Electric (Clean)"
12511807,BO55CDJ,"LAND ROVER","RANGE ROVER SPORT",Black,Petrol
12622999,BO55TTE,VOLKSWAGEN,POLO,Black,Petrol
12629539,BO55ANA,KIA,SEDONA,Blue,Diesel
12742208,BO55AON,"LAND ROVER","RANGE ROVER SPORT",Grey,Diesel
12748767,BO55KZF,MERCEDES-BENZ,C,Silver,Diesel
12763109,BO55LZO,VOLKSWAGEN,PASSAT,Black,Diesel
12771498,BO55TGP,BMW,420,White,Diesel
12777027,BO55AJU,"LAND ROVER","RANGE ROVER",Red,Diesel
12777978,BO55GVG,VAUXHALL,CORSA,Grey,Petrol
12782468,BO55UXG,VOLVO,V60,Grey,Diesel
12783123,BO55JMU,"LAND ROVER","RANGE ROVER",Black,Petrol
12784353,BO55ODG,JAGUAR,"F-PACE RDYNAM HSE D MHEV AWD A",Silver,Diesel
12790332,BO55KOD,"LAND ROVER","RANGE ROVER SPORT",Blue,"Hybrid Electric (Clean)"
12801726,BO55MGF,"LAND ROVER","RANGE ROVER SPORT",White,Petrol
12808620,BO55LSS,MERCEDES-BENZ,V,Silver,Diesel
12810046,BO55THZ,BMW,"5 SERIES",Blue,"Hybrid Electric (Clean)"
12815042,BO55AAU,BMW,"3 SERIES",Black,Petrol
12829165,BO55RMJ,AUDI,A5,Blue,Petrol
12846432,BO55RDG,KIA,SORENTO,Silver,Diesel
12851139,BO55URP,"LAND ROVER","RANGE ROVER SPORT",Black,"Hybrid Electric (Clean)"
12858323,BO55FAY,MERCEDES-BENZ,GLE,Black,Diesel
12867159,BO55PKN,"LAND ROVER",DISCOVERY,Grey,Diesel
12871997,BO55OHN,FORD,RANGER,White,Diesel
12872289,BO55HKT,AUDI,Q2,White,Diesel
12888927,BO55UMH,AUDI,"SQ5 TDI MHEV QUATTRO AUTO",Grey,Diesel
12889016,BO55WPU,FORD,TRANSIT,White,Diesel
12903276,BO55FHM,AUDI,TT,Orange,Petrol
12903398,BO55ONZ,DACIA,DUSTER,White,Petrol
12930066,BO55ZAT,MERCEDES-BENZ,GLA,Grey,Diesel
12948250,BO55ATA,TOYOTA,ESTIMA,Maroon,LPG
12953252,BO55HRW,"LAND ROVER","RANGE ROVER SPORT",Blue,Petrol
12967226,BO55BWN,PORSCHE,CAYENNE,Black,Petrol
12968507,BO55YEG,AUDI,"RS Q3 TFSI QUATTRO S-A",Blue,Petrol
12980301,BO55XRE,AUDI,A5,Green,Petrol
12985133,BO55KKV,PEUGEOT,PARTNER,White,Diesel
12985561,BO55TWN,VAUXHALL,CORSA,White,Diesel
12987095,BO55SAP,FORD,RANGER,Black,Diesel
12994774,BO55NAN,KIA,PICANTO,White,Petrol
12996680,BO55OLJ,MINI,"COOPER SD AUTO",White,Diesel
13002582,BO55CMO,MERCEDES-BENZ,"AMG A 35 PREMIUM 4MATIC ED A",Black,Petrol
13020697,BO55MSD,JAGUAR,F-TYPE,Red,Petrol
13056085,BO55ORK,TRIUMPH,"ROCKET CLASSIC",Red,Petrol
13058687,BO55YDC,RENAULT,KANGOO,Red,Petrol
13596238,BO55ZYM,BENTLEY,CONTINENTAL,Blue,Petrol
13764194,BO55YWG,BMW,120,Black,Petrol
13787250,BO55CSW,BMW,"3 SERIES",White,Diesel
13848939,BO55MAL,VOLKSWAGEN,GOLF,Blue,Petrol
13875464,BO55TAS,CHRYSLER-JEEP,COMPASS,Black,Diesel
13897274,BO55CCY,MERCEDES-BENZ,S-Class,Black,Diesel
13899522,BO55SRY,AUDI,R8,Black,Petrol
13980456,BO55WEO,"LAND ROVER",DISCOVERY,Silver,Diesel
13998727,BO55VAP,FERRARI,F430,Red,Petrol
14050677,BO55ABC,RENAULT,KANGOO,Grey,Diesel
14061816,BO55HTX,BMW,"3 SERIES",Black,Petrol
14063174,BO55LBD,"SMART (MCC)","FORTWO COUPE",Silver,Petrol
14240785,BO55YST,FORD,FIESTA,White,Petrol
14341426,BO55VXD,VAUXHALL,ASTRAVAN,Silver,Diesel
14370727,BO55KGG,BMW,123,Black,Diesel
14475770,BO55RLO,"LAND ROVER",FREELANDER,Red,Diesel
14525991,BO55VWC,VOLKSWAGEN,"TRANSPORTER T28 STARTLINE TDI",Grey,Diesel
14539507,BO55BFF,SEAT,ATECA,White,Petrol
14688473,BO55OXC,MERCEDES-BENZ,C,Silver,Petrol
14723112,BO55ZCL,AUDI,TT,Red,Diesel
14794787,BO55SVX,"LAND ROVER",DEFENDER,Black,Diesel
14802896,BO55FWJ,"LAND ROVER","RANGE ROVER",Silver,Diesel
14954327,BO55KSH,"LAND ROVER","RANGE ROVER SPORT",Black,Diesel
14980731,BO55NMR,"LAND ROVER","RANGE ROVER EVOQUE",Black,Petrol
15124046,BO55RNC,FORD,"TRANSIT CUSTOM 300LMTD EBLUE A",Silver,Diesel
15129722,BO55NKM,SEAT,LEON,Black,Petrol
15161592,BO55GOJ,HONDA,CBR600FA,White,Petrol
15165691,BO55KEZ,"LAND ROVER",SPORT,Grey,Petrol
15230494,BO55PTL,"LAND ROVER","RANGE ROVER SPORT",Black,Petrol
15233424,BO55HEF,NISSAN,NAVARA,Green,Diesel
15246504,BO55GDA,SEAT,IBIZA,Black,Petrol
15344562,BO55MLL,"ROLLS ROYCE",GHOST,Black,Petrol
15393304,BO55ZOW,MERCEDES-BENZ,SLK,Silver,Petrol
15409626,BO55PSW,AUDI,A3,Silver,Diesel
15528402,BO55KLV,MERCEDES-BENZ,SPRINTER,White,Diesel
15649665,BO55LPT,BENTLEY,CONTINENTAL,Black,Petrol
15650555,BO55DTX,BMW,M3,Black,Petrol
15651336,BO55WHZ,MERCEDES-BENZ,S-Class,Brown,Petrol
15658451,BO55HWF,MERCEDES-BENZ,ML,Black,Diesel
15703626,BO55PKR,"LAND ROVER",DEFENDER,Silver,Diesel
15707723,BO55GCN,NISSAN,NAVARA,Blue,Diesel
15753619,BO55JES,"LAND ROVER","RANGE ROVER",White,Petrol
15988429,BO55THU,VOLKSWAGEN,TIGUAN,White,Diesel
16035042,BO55OSG,MERCEDES-BENZ,VITO,Silver,Diesel
16103159,BO55JXB,MERCEDES-BENZ,E,Silver,Diesel
16105932,BO55AWW,BMW,"3 SERIES",White,Petrol
16351182,BO55OPG,MERCEDES-BENZ,ML,Black,Diesel
16365572,BO55BDB,"LAND ROVER",DISCOVERY,Red,Diesel
16388119,BO55LNH,BMW,525,Silver,Petrol
16405583,BO55WFS,BMW,X5,Grey,Diesel
16406615,BO55DKV,VOLKSWAGEN,GOLF,Silver,Petrol
16536065,BO55PGG,"LAND ROVER",DISCOVERY,White,Diesel
16655823,BO55AJZ,VOLKSWAGEN,GOLF,White,Petrol
16658556,BO55SRE,MERCEDES-BENZ,GLE,Blue,Diesel
16684333,BO55DLU,VOLKSWAGEN,POLO,White,Petrol
16694684,BO55ATU,MERCEDES-BENZ,"EQE 300 AMG LINE PREMIUM +",Black,Electric
16726582,BO55TTW,PEUGEOT,PARTNER,White,Diesel
16777567,BO55SBN,MERCEDES-BENZ,VITO,Red,Diesel
16810269,BO55JKH,MINI,"MINI (R57)",Black,Diesel
16906685,BO55NOL,"LAND ROVER",DISCOVERY,Black,Diesel
16941798,BO55TWJ,VAUXHALL,VIVARO,White,Diesel
16945710,BO55FMC,FORD,KUGA,Silver,Diesel
16977935,BO55POR,JAGUAR,XKR,Black,Petrol
17056723,BO55NZL,"LAND ROVER",DEFENDER,Black,Diesel
17175841,BO55WFV,MERCEDES-BENZ,E,White,Diesel
17176490,BO55PDH,"LAND ROVER",DISCOVERY,Silver,Diesel
17244973,BO55SCP,MERCEDES-BENZ,CLS,Black,Diesel
17299985,BO55JCP,NISSAN,NAVARA,Black,Diesel
17341815,BO55TLH,VOLVO,C70,Blue,Diesel
17499903,BO55TTA,AUDI,A3,Silver,Petrol
17515304,BO55YMZ,VOLKSWAGEN,GOLF,Grey,Diesel
17540956,BO55NAT,BMW,X1,Blue,Diesel
17542360,BO55JRM,BENTLEY,CONTINENTAL,Black,Petrol
17738363,BO55NVD,JAGUAR,UNKNOWN,Black,Petrol
17745761,BO55DSH,FORD,FOCUS,Black,Petrol
17776217,BO55RNS,AUDI,A5,Black,Diesel
17783198,BO55GBW,"LAND ROVER",DISCOVERY,Grey,Diesel
17787125,BO55RYF,FORD,FIESTA,Black,Petrol
17882499,BO55EPD,"LAND ROVER","DEFENDER XDYNAMIC HSE D MHEV A",Grey,Diesel
17895231,BO55SKR,MERCEDES-BENZ,SPRINTER,White,Diesel
17924202,BO55KTD,VAUXHALL,VIVARO,Black,Diesel
18051410,BO55JML,FORD,RANGER,Grey,Diesel
18073434,BO55WYP,VOLKSWAGEN,CRAFTER,White,Diesel
18090321,BO55MPV,AUDI,A7,Grey,Diesel
18158773,BO55PRE,"LAND ROVER","RANGE ROVER",Black,Diesel
18207330,BO55RHF,FORD,RANGER,Grey,Diesel
18228737,BO55SSL,"LAND ROVER",DEFENDER,Grey,Diesel
18273097,BO55SVM,NISSAN,GT-R,Silver,Petrol
18275075,BO55SHV,AUDI,TT,White,Petrol
18296599,BO55CWG,KIA,"CEED 2 NAV ISG",White,Petrol
18444288,BO55YBX,"LAND ROVER","RANGE ROVER SPORT",Black,Diesel
18446901,BO55PRD,"LAND ROVER","RANGE ROVER EVOQUE",Brown,Diesel
18534011,BO55AYO,MERCEDES-BENZ,C,Black,Petrol
18536466,BO55AZX,VOLKSWAGEN,PASSAT,Brown,Diesel
18591356,BO55EGA,AUDI,Q7,Blue,Diesel
18660602,BO55KWB,BMW,X5,White,Diesel
18689905,BO55CDL,MERCEDES-BENZ,S-Class,Brown,Diesel
18760002,BO55DTV,AUDI,TT,White,Diesel
18870337,BO55SGC,FORD,TRANSIT,Blue,Diesel
19171438,BO55JAX,MERCEDES-BENZ,E,Blue,Diesel
19254858,BO55GER,FORD,FOCUS,White,Diesel
19287206,BO55VAG,VOLKSWAGEN,PASSAT,Black,Diesel
19375939,BO55VJF,"LAND ROVER","RANGE ROVER SPORT",Black,Diesel
19658632,BO55DKY,BENTLEY,CONTINENTAL,Black,Petrol
19705829,BO55MMK,BMW,X5,Black,Diesel
19710057,BO55VRJ,SEAT,LEON,Grey,Petrol
19785971,BO55WJG,"LAND ROVER","RANGE ROVER SPORT",Grey,Diesel
19879046,BO55ERC,JAGUAR,XJ,Green,Diesel
19879055,BO55BPK,JAGUAR,XF,Grey,Diesel
19881674,BO55CRP,BMW,X3,White,Diesel
19953978,BO55LUF,"LAND ROVER",DISCOVERY,Black,Diesel
19954043,BO55CRM,NISSAN,NAVARA,Silver,Diesel
19955145,BO55XRK,BMW,"3 SERIES",White,Diesel
19994584,BO55PTA,VOLKSWAGEN,TRANSPORTER,White,Diesel
20021757,BO55URU,AUDI,A3,White,Diesel
20046769,BO55RDF,FORD,FOCUS,Green,Petrol
20056600,BO55DNK,"LAND ROVER",DISCOVERY,Grey,Diesel
20059657,BO55CSA,BMW,X5,Grey,Diesel
20120345,BO55PEV,CITROEN,BERLINGO,Silver,Diesel
20141467,BO55SZH,"LAND ROVER","RANGE ROVER SPORT",Black,Diesel
20185904,BO55OPZ,HONDA,"VTX 1300 S-5",Black,Petrol
20242223,BO55POP,MERCEDES-BENZ,E,Black,Diesel
20341252,BO55JET,"LAND ROVER","RANGE ROVER SPRT SVR CRBN ED A",Blue,Petrol
20341263,BO55JKZ,POLESTAR,"POLESTAR 2 PLUS EV FWD",White,Electric
20365015,BO55YAC,AUDI,Q7,Black,Diesel
20385805,BO55GHG,MERCEDES-BENZ,"CLS400 AMG LN NT ED PRM+ D 4MA",Grey,Diesel
20394158,BO55LDH,AUDI,TT,Red,Petrol
20402757,BO55KKK,BMW,X5,Black,Diesel
20598382,BO55AAZ,TOYOTA,"LANDCRUISER AMAZON",Black,Diesel
20648987,BO55DCB,VOLKSWAGEN,GOLF,Red,Petrol
20840487,BO55LNZ,VOLKSWAGEN,TRANSPORTER,Black,Diesel
20842099,BO55TUR,BMW,"6 SERIES",Silver,Petrol
20857050,BO55DRW,BENTLEY,CONTINENTAL,Black,Petrol
20886172,BO55BPE,"LAND ROVER",DEFENDER,Green,Diesel
20888862,BO55UZJ,FERRARI,CALIFORNIA,Red,Petrol
20925763,BO55MCL,MERCEDES-BENZ,ML,Blue,Diesel
20940376,BO55DYK,BMW,M3,Black,Petrol
20954932,BO55GUN,LAMBORGHINI,GALLARDO,Green,Petrol
20970640,BO55SGA,PORSCHE,911,White,Petrol
20984118,BO55NDN,BMW,635,Grey,Diesel
20984649,BO55BOE,BMW,"3 SERIES",Silver,Diesel
20997930,BO55YLR,"LAND ROVER",DEFENDER,Blue,Diesel
21030106,BO55LHW,FORD,TRANSIT,White,Diesel
21037949,BO55OFN,BMW,X5,White,Diesel
21135683,BO55YNR,"LAND ROVER","RANGE ROVER",Silver,Petrol
21199952,BO55ZOB,"LAND ROVER","RANGE ROVER SPORT",Black,Diesel
21261601,BO55MJU,"LAND ROVER","RANGE ROVER SPORT",Black,Diesel
21303300,BO55HHN,BMW,X5,Black,Diesel
21388549,BO55CJB,BMW,Z4,Blue,Petrol
21388758,BO55SPY,PORSCHE,911,Silver,Petrol
21529195,BO55JMM,PEUGEOT,207,White,Diesel
21570270,BO55KKB,"LAND ROVER",DISCOVERY,Grey,Diesel
21602915,BO55ZBY,BMW,640,Black,Diesel
21653117,BO55CXB,BMW,"1 SERIES",White,Diesel
21684430,BO55PZR,"LAND ROVER","RANGE ROVER",Black,Diesel
21844185,BO55KHA,MERCEDES-BENZ,CLK,Red,Petrol
21860191,BO55FYN,BMW,"220D M SPORT AUTO",White,Diesel
21863298,BO55OML,MINI,MINI,Black,Diesel
22159239,BO55MKM,MERCEDES-BENZ,S-Class,Black,Diesel
22184776,BO55NVN,AUDI,A3,Black,Petrol
22186586,BO55FTJ,MERCEDES-BENZ,SLK,Black,Petrol
22208853,BO55SHX,MERCEDES-BENZ,E,White,Petrol
22241704,BO55KYN,AUDI,Q7,Blue,Diesel
22243703,BO55OEM,AUDI,TT,Red,Petrol
22453803,BO55BMD,MERCEDES-BENZ,E,White,Diesel
22459811,BO55RBW,TRIUMPH,"TIGER 800",White,Petrol
22546527,BO55OOT,PEUGEOT,BIPPER,Grey,Diesel
22547022,BO55SBS,PORSCHE,CAYMAN,Black,Petrol
22753986,BO55DTT,MERCEDES-BENZ,CLS,Silver,Diesel
22762815,BO55DWH,FIAT,DUCATO,White,Diesel
22866276,BO55TGO,ABARTH,500,Black,Petrol
23020498,BO55RFN,LEXUS,CT,White,"Hybrid Electric (Clean)"
23188775,BO55UZY,BMW,X5,Silver,Diesel
23247850,BO55RJM,"LAND ROVER",DISCOVERY,Silver,Diesel
23280172,BO55SOB,FORD,MUSTANG,Red,Petrol
23340561,BO55MVA,"MV AGUSTA",F4,Red,Petrol
23555622,BO55JLL,AUDI,A4,Silver,Diesel
23580824,BO55VRN,BMW,740,Black,Diesel
23773391,BO55KNZ,AUDI,TT,Silver,Petrol
23773605,BO55VCR,AUDI,Q7,White,Diesel
23836610,BO55RGW,PEUGEOT,BOXER,White,Diesel
23838085,BO55STO,"LAND ROVER","RANGE ROVER SPORT",Silver,Diesel
23914163,BO55WBG,"LAND ROVER","RANGE ROVER SPORT",Silver,Diesel
23952212,BO55SXH,"LAND ROVER","RANGE ROVER SPORT",Black,Diesel
23973668,BO55KCP,BENTLEY,CONTINENTAL,Silver,Petrol
23977149,BO55AWE,AUDI,A4,Black,Diesel
24014930,BO55NBD,NISSAN,"350 Z",Black,Petrol
24053494,BO55ZJS,VOLKSWAGEN,CADDY,Silver,Diesel
24118936,BO55RMB,VOLVO,V70,Red,Diesel
24185294,BO55AMH,FORD,TRANSIT,Silver,Diesel
24236317,BO55NEE,MERCEDES-BENZ,SLK,Silver,Petrol
24324249,BO55YXE,AUDI,TT,White,Petrol
24430649,BO55APM,FORD,MUSTANG,Grey,Petrol
24430693,BO55CAN,MITSUBISHI,L200,Black,Diesel
24537547,BO55ORY,AUDI,A3,Silver,Diesel
24635518,BO55SFK,FIAT,DUCATO,White,Diesel
24648751,BO55VRM,VOLKSWAGEN,TRANSPORTER,Grey,Diesel
24652357,BO55EFC,AUDI,Q7,Black,Diesel
24663438,BO55DDK,NISSAN,NAVARA,Black,Diesel
24686808,BO55EAP,FORD,FIESTA,Black,Petrol
24717345,BO55MLE,"LAND ROVER","RANGE ROVER",Black,Diesel
24751515,BO55TXR,"LAND ROVER",DISCOVERY,Silver,Diesel
24801194,BO55PNY,HONDA,CR-V,Black,Petrol
24946080,BO55CHU,VOLKSWAGEN,PHAETON,Black,Diesel
24975719,BO55PCH,AUDI,A6,Grey,Petrol
24985753,BO55KHG,MERCEDES-BENZ,E,Black,Diesel
24987686,BO55TNJ,CHRYSLER,"GRAND VOYAGER",Blue,Diesel
25027223,BO55CWA,MERCEDES-BENZ,SPRINTER,Black,Diesel
25030560,BO55HLV,AUDI,A1,Silver,Petrol
25180816,BO55AHU,CHRYSLER-JEEP,300,Blue,Diesel
25232432,BO55HHL,"LAND ROVER","RANGE ROVER",Blue,Diesel
25236606,BO55RKO,"LAND ROVER","",Grey,Diesel
25244693,BO55KOP,"LAND ROVER","RANGE ROVER EVOQUE",Silver,Diesel
25359001,BO55GVS,MITSUBISHI,SHOGUN,Black,Diesel
25430620,BO55RGM,JAGUAR,XK,Black,Petrol
25451583,BO55SOZ,"LAND ROVER","RANGE ROVER EVOQUE",Grey,Diesel
25472248,BO55XJR,JAGUAR,XJ,Blue,Petrol
25519589,BO55ZXO,PEUGEOT,RCZ,Grey,Petrol
25753020,BO55RXB,MAZDA,RX-8,Black,Petrol
25844863,BO55ETU,PORSCHE,911,Black,Petrol
26394287,BO55WLA,HARLEY-DAVIDSON,"FXDB STREET BOB",Black,Petrol
26405094,BO55HCL,"LAND ROVER","RANGE ROVER SPORT",Grey,Diesel
26476601,BO55ZJP,BMW,"3 SERIES",Blue,Diesel
26514086,BO55SER,BMW,"3 SERIES",Black,Petrol
26542495,BO55DVA,"LAND ROVER","RANGE ROVER",Red,Petrol
26795632,BO55TGM,MERCEDES-BENZ,SPRINTER,Silver,Diesel
26797651,BO55WWG,BENTLEY,ARNAGE,Black,Petrol
26797901,BO55LTU,BMW,X6,Grey,Diesel
26858989,BO55AVP,"LAND ROVER",FREELANDER,Black,Diesel
27242113,BO55SGY,CHRYSLER-JEEP,300,Silver,Diesel
27285206,BO55ZZR,KAWASAKI,"ZX 1400 A7F",Black,Petrol
27311464,BO55CBJ,AUDI,A5,White,Petrol
27365516,BO55EYY,BMW,"3 SERIES",Black,Diesel
27392309,BO55VTG,"ASTON MARTIN",VANTAGE,Black,Petrol
27393284,BO55PPH,SUZUKI,VZ800,Blue,Petrol
27681851,BO55YMC,"LAND ROVER",FREELANDER,Silver,Diesel
27682847,BO55SZU,MERCEDES-BENZ,CLS,White,Diesel
27784637,BO55BLZ,VOLKSWAGEN,GOLF,White,Petrol
27790959,BO55TJC,RENAULT,WIND,Black,Petrol
27870890,BO55RHH,FORD,TRANSIT,White,Diesel
27884579,BO55ASN,FORD,TRANSIT,White,Diesel
27908699,BO55DOA,MERCEDES-BENZ,SPRINTER,White,Diesel
27955446,BO55VVW,VOLKSWAGEN,TRANSPORTER,Blue,Diesel
27970066,BO55USD,MERCEDES-BENZ,E,Blue,Diesel
28009548,BO55TTK,FORD,TRANSIT,Black,Diesel
28266894,BO55PEE,MERCEDES-BENZ,A-CLASS,Black,Petrol
28289268,BO55PGW,VOLKSWAGEN,TRANSPORTER,Blue,Diesel
28299976,BO55LKB,MERCEDES-BENZ,SPRINTER,White,Diesel
28372341,BO55ADN,BMW,"3 SERIES",Silver,Diesel
28389710,BO55WYA,MAZDA,MX-5,Grey,Petrol
28416642,BO55TNG,MERCEDES-BENZ,E,White,Diesel
28416672,BO55EJG,MERCEDES-BENZ,E,White,Diesel
28452562,BO55GWM,FORD,TRANSIT,White,Diesel
28487576,BO55RWX,"LAND ROVER","RANGE ROVER SPORT",White,Diesel
28489744,BO55SMO,"LAND ROVER","RANGE ROVER",Gold,Petrol
28577591,BO55VEA,MERCEDES-BENZ,SPRINTER,Black,Diesel
28681213,BO55SVJ,"LAND ROVER","RANGE ROVER",Silver,Diesel
28730628,BO55LBH,KIA,SORENTO,Silver,Diesel
28936831,BO55JKU,JEEP,WRANGLER,White,Petrol
28988928,BO55NRP,JAGUAR,XF,Silver,Diesel
28994623,BO55GMV,MERCEDES-BENZ,GL,Black,Diesel
29005929,BO55KFJ,MERCEDES-BENZ,C,Silver,Diesel
29025531,BO55HKG,JAGUAR,XE,Black,Petrol
29074619,BO55RYT,MERCEDES-BENZ,C,Silver,Petrol
29087396,BO55LSR,AUDI,A5,Grey,Petrol
29135689,BO55VXS,VAUXHALL,ASTRA,Black,Diesel
29190729,BO55HRG,PORSCHE,BOXSTER,Blue,Petrol
29190731,BO55DZY,PORSCHE,"911 CARRERA 2 S",Black,Petrol
29282172,BO55JHW,VOLKSWAGEN,CADDY,White,Diesel
29352546,BO55GUX,"LAND ROVER","RANGE ROVER EVOQUE",Red,Diesel
29359410,BO55FJR,BMW,"3 SERIES",Black,Petrol
29389173,BO55JTG,BMW,"3 SERIES",Black,Diesel
29431824,BO55JJX,FORD,TRANSIT,White,Diesel
29441830,BO55YJD,FORD,FOCUS,Blue,Petrol
29446747,BO55XVW,VOLKSWAGEN,TRANSPORTER,Brown,Diesel
29459118,BO55DEH,MERCEDES-BENZ,A-CLASS,Black,Petrol
29539088,BO55MXY,BMW,435,Black,Diesel
29569237,BO55BHG,FORD,RANGER,Blue,Diesel
29605688,BO55DJX,MINI,MINI,White,Diesel
29620697,BO55FCR,"SMART (MCC)","FORTWO COUPE",Grey,Petrol
29647857,BO55OCB,AUDI,A7,Black,Diesel
29721415,BO55HFD,MERCEDES-BENZ,VITO,Silver,Diesel
29767894,BO55SDO,FORD,TRANSIT,Blue,Diesel
29794851,BO55XMO,BMW,"3 SERIES",Black,Diesel
29796966,BO55BPB,MERCEDES-BENZ,CLS,Grey,Diesel
29800593,BO55RHR,AUDI,A1,White,Petrol
29802388,BO55HKS,MITSUBISHI,LANCER,Grey,Petrol
29889002,BO55XRA,JAGUAR,XJ,Silver,Diesel
30089889,BO55NNO,BMW,X6,Black,Diesel
30224002,BO55SRM,"LAND ROVER","RANGE ROVER",Black,Diesel
30328092,BO55ANO,BMW,"3 SERIES",Black,Diesel
30350381,BO55SOO,LAMBORGHINI,GALLARDO,White,Petrol
30352295,BO55LKR,MERCEDES-BENZ,"GL 320 ",Silver,Diesel
30391153,BO55WLL,MONACO,"MOTOR HOME",Cream,Diesel
30392421,BO55SPH,BMW,"3 SERIES",Grey,Petrol
30466616,BO55HDR,VOLKSWAGEN,TRANSPORTER,Blue,Diesel
30598542,BO55BRE,NISSAN,CUBE,White,Petrol
30830643,BO55BGZ,AUDI,TT,White,Petrol
30831738,BO55ELO,HONDA,ACCORD,Silver,Diesel
30859614,BO55OJL,MERCEDES-BENZ,C,Black,Diesel
30898509,BO55OLX,SAAB,9-3,Black,Petrol
30936702,BO55ZZY,AUDI,A5,Black,Diesel
31095368,BO55WTL,AUDI,A3,Grey,Diesel
31156064,BO55FTX,BENTLEY,CONTINENTAL,Grey,Petrol
31161097,BO55KYG,"LAND ROVER","RANGE ROVER",Grey,Diesel
31177029,BO55KRN,MERCEDES-BENZ,SPRINTER,White,Diesel
31184527,BO55BZR,SEAT,IBIZA,Grey,Petrol
31197816,BO55MWG,AUDI,A3,White,Petrol
31202967,BO55RUF,FORD,"TRANSIT CUSTOM 300LIMITD EBLUE",White,Diesel
31302795,BO55RJT,"LAND ROVER","RANGE ROVER",Black,Diesel
31331637,BO55WVC,BMW,520,Black,Diesel
31440721,BO55TKE,KIA,RIO,Blue,Petrol
31566525,BO55EJW,VOLKSWAGEN,BEETLE,Pink,Petrol
31588046,BO55VDB,VAUXHALL,MERIVA,White,Petrol
31880489,BO55PYN,"ASTON MARTIN","V8 VANTAGE",Black,Petrol
32191190,BO55RAR,KAWASAKI,"ZX 600 E6F",Black,Petrol
32217764,BO55KTP,MERCEDES-BENZ,ML,Silver,Diesel
32228883,BO55LBJ,AUDI,A6,Black,Diesel
32390837,BO55PNS,DACIA,SANDERO,White,Petrol
32464405,BO55OMR,BMW,530,Blue,Diesel
32499645,BO55KAJ,VOLKSWAGEN,"AMAROK AVENT BLK ED V6TDI 4M A",Blue,Diesel
32569627,BO55KCC,BMW,X6,Black,Diesel
32573997,BO55SCA,AUDI,A8,Grey,Diesel
32672404,BO55MKC,JAGUAR,XKR,Grey,Petrol
32674651,BO55DLP,"LAND ROVER","RANGE ROVER SPORT",Black,Diesel
32730620,BO55MRF,"LAND ROVER","RANGE ROVER SPORT",Silver,Diesel
32839054,BO55OMD,BMW,X5,Black,Diesel
32839279,BO55VJN,"LAND ROVER","RANGE ROVER SPORT",Red,Diesel
32843024,BO55WWD,PORSCHE,CAYENNE,Black,Diesel
32865769,BO55GDO,MERCEDES-BENZ,CLS,White,Diesel
32901831,BO55KWD,PORSCHE,macan,White,Petrol
33009905,BO55TAO,MINI,MINI,Silver,Petrol
33039557,BO55WPY,MERCEDES-BENZ,SPRINTER,White,Diesel
33161591,BO55HWS,"HARLEY DAVIDSON","XL 883L SPORTSTER",Black,Petrol
33270706,BO55BEF,VAUXHALL,COMBO,White,Diesel
33300643,BO55KCB,TOYOTA,C-HR,Silver,"Hybrid Electric (Clean)"
33338345,BO55MTL,MERCEDES-BENZ,VITO,Black,Diesel
33380928,BO55TMD,BMW,520,Silver,Diesel
33383728,BO55EBO,"LAND ROVER","RANGE ROVER SPORT",Black,Diesel
33460533,BO55BLD,NISSAN,NAVARA,Black,Diesel
33494534,BO55NEL,MERCEDES-BENZ,X,Black,Diesel
33572029,BO55XLT,FORD,RANGER,Black,Diesel
33597631,BO55RLN,MERCEDES-BENZ,SPRINTER,White,Diesel
33622195,BO55CCA,MITSUBISHI,ASX,Blue,Diesel
33643186,BO55PHL,"LAND ROVER","RANGE ROVER SPORT",White,Diesel
33649673,BO55XPK,AUDI,A4,Silver,Diesel
33712536,BO55ARE,PORSCHE,911,Silver,Petrol
33759427,BO55DRL,"ASTON MARTIN",VANTAGE,Grey,Petrol
33803385,BO55RPO,TOYOTA,IQ,Black,Petrol
33943794,BO55HRV,AUDI,TT,Black,Diesel
34029839,BO55DOV,MERCEDES-BENZ,VITO,Black,Diesel
34064667,BO55RGG,FORD,TRANSIT,White,Diesel
34074878,BO55CAC,VOLKSWAGEN,CADDY,White,Diesel
34349092,BO55TMW,MITSUBISHI,L200,Black,Diesel
34845942,BO55AFR,SEAT,TOLEDO,Black,Diesel
34862943,BO55MAV,VOLKSWAGEN,GOLF,Blue,Diesel
34888966,BO55LFO,TESLA,"MODEL S",Silver,Electric
34915105,BO55ZAM,ZHENHUA,"ZH A 50",Red,Petrol
35080716,BO55DMY,"LAND ROVER","RANGE ROVER SPORT",White,Diesel
35124301,BO55CGO,PORSCHE,911,Silver,Petrol
35127138,BO55RJN,HONDA,CBR600F,Red,Petrol
35154333,BO55BEK,BMW,X5,Black,Diesel
35263173,BO55TKK,MERCEDES-BENZ,E,White,Diesel
35445022,BO55XSY,AUDI,Q7,Grey,Diesel
35486901,BO55HYB,TOYOTA,IQ,White,Petrol
35537860,BO55TSA,AUDI,RS4,Grey,Petrol
35553342,BO55PTR,AUDI,TT,Black,Petrol
35562246,BO55NDB,VOLKSWAGEN,CADDY,Blue,Diesel
35585231,BO55VAJ,VAUXHALL,INSIGNIA,White,Diesel
35625217,BO55VWT,VOLKSWAGEN,TRANSPORTER,Pink,Diesel
35911305,BO55TRU,FORD,RANGER,Black,Diesel
35990500,BO55VMT,BENTLEY,BENTAYGA,Black,Petrol
36071059,BO55TFS,NISSAN,NV400,White,Diesel
36145865,BO55UTV,FORD,FOCUS,Blue,Petrol
36180507,BO55AUH,MASERATI,"GRANCABRIO AUTO",Grey,Petrol
36183784,BO55REY,"LAND ROVER","RANGE ROVER SPORT",Black,Diesel
36321500,BO55ROC,FORD,RANGER,Black,Diesel
36348321,BO55MMB,FORD,TRANSIT,White,Diesel
36379618,BO55KYZ,BMW,"3 SERIES",Black,Diesel
36431742,BO55PGO,AUDI,"Q7 S LN COMP VOR 60 TFSI E Q A",White,"Hybrid Electric (Clean)"
36610380,BO55OZD,TESLA,"MODEL 3 PERFORMANCE AWD",White,Electric
36699109,BO55HEW,MERCEDES-BENZ,GL,Black,Diesel
36723051,BO55GBX,CHRYSLER-JEEP,300,Grey,Diesel
36738310,BO55FFE,MAZDA,MX-5,Black,Petrol
36756540,BO55RHP,MERCEDES-BENZ,SLK,Blue,Petrol
36775551,BO55XRY,"LAND ROVER","RANGE ROVER",Grey,Diesel
36950912,BO55DKJ,PORSCHE,macan,Blue,Diesel
36988426,BO55NLF,"LAND ROVER","RANGE ROVER",Grey,Diesel
37001524,BO55LBE,PORSCHE,macan,Black,Diesel
37013044,BO55WFF,FORD,RANGER,White,Diesel
37053325,BO55LZC,VOLKSWAGEN,"TIGUAN R-LINE TSI S-A",Black,Petrol
37071741,BO55MTO,AUDI,A4,Black,Diesel
37199955,BO55RWM,BENTLEY,CONTINENTAL,White,Petrol
37243189,BO55NKK,AUDI,Q5,Black,Diesel
37378999,BO55XSP,"LAND ROVER","RANGE ROVER SPORT",Black,Diesel
37402080,BO55ATO,"ALFA ROMEO","STELVIO VELOCE TD AWD AUTO",Grey,Diesel
37688513,BO55KDS,VOLKSWAGEN,CADDY,Grey,Diesel
37695644,BO55WDM,TOYOTA,AURIS,Grey,Diesel
37698145,BO55DWJ,TOYOTA,AURIS,Silver,Petrol
37804731,BO55ZXT,KAWASAKI,"ZX 1400 D8F ABS",Orange,Petrol
37836758,BO55MBW,FORD,C-MAX,Blue,Diesel
37853883,BO55MFT,VOLKSWAGEN,TOUAREG,Blue,Diesel
38273370,BO55USM,MERCEDES-BENZ,C,Black,Diesel
38559936,BO55SYR,"LAND ROVER","RANGE ROVER SPORT",Silver,Diesel
38566136,BO55WKO,"LAND ROVER","DISCOVERY HSE D MHEV AUTO",Black,Diesel
38603832,BO55APN,MINI,"MINI (R60)",White,Petrol
38718837,BO55TJH,BENTLEY,CONTINENTAL,Blue,Petrol
38790322,BO55TRC,"LAND ROVER","RANGE ROVER SPORT",Silver,Diesel
38790855,BO55SUF,"LAND ROVER","RANGE ROVER SPORT",Black,Diesel
38953209,BO55NCS,"LAND ROVER","RANGE ROVER SPORT",Black,Petrol
39009218,BO55XPP,"LAND ROVER",DISCOVERY,Black,Diesel
39013595,BO55RTS,"LAND ROVER",DISCOVERY,Black,Diesel
39026515,BO55VYA,VOLKSWAGEN,GOLF,Grey,Diesel
39034537,BO55BZY,VOLKSWAGEN,GOLF,Blue,Diesel
39043909,BO55EDV,AUDI,A5,Black,Petrol
39114483,BO55HHH,MERCEDES-BENZ,E,Grey,Diesel
39130601,BO55TBM,ISUZU,RODEO,Silver,Diesel
39135359,BO55AWZ,AUDI,A4,Black,Diesel
39195261,BO55PBE,"LAND ROVER",DISCOVERY,Silver,Diesel
39266120,BO55GVB,FERRARI,F430,Red,Petrol
39271908,BO55VPL,BMW,X6,Silver,Diesel
39274282,BO55DJG,HARLEY-DAVIDSON,FXDF,Red,Petrol
39275074,BO55HOM,INFINITI,M,Silver,Petrol
39532688,BO55LSJ,AUDI,A8,Black,Diesel
39759693,BO55NWY,VOLKSWAGEN,CADDY,Blue,Diesel
39860614,BO55MOU,MERCEDES-BENZ,GLC,Grey,Diesel
39893073,BO55SAD,RENAULT,TRAFIC,Silver,Diesel
39980373,BO55SWY,PEUGEOT,2008,White,Diesel
40098687,BO55NWS,BENTLEY,CONTINENTAL,Black,Petrol
40098807,BO55GRK,FORD,RANGER,Black,Diesel
40135244,BO55BNJ,MERCEDES-BENZ,"GLC 300 AMG LNE PREM + DE 4M A",Black,"Electric Diesel"
40142231,BO55DPV,AUDI,R8,Black,Petrol
40165803,BO55GNL,"LAND ROVER","RANGE ROVER EVOQUE",Black,Diesel
40405201,BO55BDM,FORD,RANGER,Black,Diesel
40427179,BO55ACC,MERCEDES-BENZ,"GLC 300 AMG LINE PREM + D 4M A",Grey,Diesel
40435095,BO55FGE,FORD,"TRANSIT CONNECT",White,Diesel
40489688,BO55EHD,VOLKSWAGEN,AMAROK,Grey,Diesel
40637933,BO55MXC,VAUXHALL,VIVARO,Silver,Diesel
40677416,BO55HJG,JAGUAR,I-PACE,Black,Electric
40718610,BO55FAL,FORD,F150,Grey,"Hybrid Electric (Clean)"
40776164,BO55CJX,VOLKSWAGEN,GOLF,Silver,Petrol
40907159,BO55CRL,RENAULT,TRAFIC,Silver,Diesel
40939845,BO55ROH,VAUXHALL,ASTRA,White,Petrol
41003572,BO55CBF,FORD,FIESTA,Yellow,Petrol
41268285,BO55LYE,PEUGEOT,207,Red,Diesel
41310838,BO55JKT,"LAND ROVER","RANGE ROVER SPORT",Black,Diesel
41338495,BO55PRF,TOYOTA,"LAND CRUISER",Green,Diesel
41508179,BO55ARR,AUDI,A4,White,Diesel
41621701,BO55XFA,TOYOTA,"LAND CRUISER",Silver,Diesel
41776456,BO55PYZ,"LAND ROVER","RANGE ROVER",Grey,Diesel
42059995,BO55CRV,HONDA,CR-V,Silver,Petrol
42102204,BO55RDY,"LAND ROVER","RANGE ROVER SPORT",Black,Petrol
42257374,BO55DLL,"LAND ROVER",DEFENDER,Blue,Diesel
42365951,BO55OXF,"LAND ROVER","RANGE ROVER SPORT",Black,Diesel
42365952,BO55EBX,"LAND ROVER","RANGE ROVER SPORT",White,Diesel
42388194,BO55TVW,VOLKSWAGEN,PASSAT,White,Diesel
42407994,BO55EVD,KAWASAKI,ZX6R,Black,Petrol
42412078,BO55RHE,VOLKSWAGEN,POLO,Grey,Diesel
42879193,BO55BTA,JAGUAR,XJ,Blue,Diesel
42934559,BO55OXX,YAMAHA,FJR1300A,Black,Petrol
43111024,BO55JPN,SUBARU,IMPREZA,Black,Petrol
43239630,BO55KPC,PORSCHE,PANAMERA,White,Diesel
43273446,BO55KCY,BMW,120,Blue,Diesel
43283989,BO55CRX,"DODGE (USA)",RAM,Blue,Petrol
43291654,BO55DFT,NISSAN,QASHQAI,White,Diesel
43320715,BO55FRX,VOLKSWAGEN,GOLF,Grey,Diesel
43409330,BO55ORT,KIA,"XCEED 2 ISG",Brown,Petrol
43518855,BO55SWB,VOLKSWAGEN,CRAFTER,White,Diesel
43532262,BO55JRJ,"LAND ROVER",DEFENDER,Grey,Diesel
43546350,BO55BFB,MERCEDES-BENZ,SPRINTER,Silver,Diesel
43554984,BO55KXM,AUDI,A4,White,Petrol
43597006,BO55PJK,TOYOTA,"LAND CRUISER",Silver,Diesel
43644251,BO55NCT,"LAND ROVER",DISCOVERY,Silver,Diesel
43646836,BO55HSR,MERCEDES-BENZ,E,Black,Diesel
43689302,BO55WNH,JEEP,WRANGLER,Red,Petrol
43722500,BO55FCH,CHRYSLER-JEEP,300,Blue,Diesel
43741700,BO55HTR,NISSAN,NAVARA,Silver,Diesel
43802335,BO55CBL,"LAND ROVER","DISCOVERY HSE SD6 AUTO",Black,Diesel
43907895,BO55HFH,CHRYSLER-JEEP,300,Black,Diesel
43980974,BO55VTL,"LAND ROVER","RANGE ROVER",Black,Petrol
44092453,BO55JJO,MERCEDES-BENZ,GLE,White,Diesel
44260615,BO55YOX,FORD,"TRANSIT CUSTOM 320SPRT EBLUE A",Grey,Diesel
44320326,BO55JPO,VOLKSWAGEN,TRANSPORTER,White,Diesel
44322472,BO55JNP,VAUXHALL,TIGRA,Black,Petrol
44506546,BO55EAJ,BENTLEY,MULSANNE,Brown,Petrol
44512274,BO55ZNT,AUDI,Q2,Grey,Diesel
44617742,BO55CAE,FORD,"TRANSIT CUSTOM",Blue,Diesel
44639386,BO55RDZ,FORD,TRANSIT,Grey,Diesel
44677033,BO55ZLM,BMW,"3 SERIES",Black,Diesel
44683749,BO55BDD,AUDI,A3,Blue,Petrol
44684495,BO55PTG,"ISUZU TRUCKS","NKR 77 TURBO ELECTRIC DI",Green,Diesel
45035654,BO55MTG,MERCEDES-BENZ,CLK,Silver,Petrol
45123116,BO55CPE,MERCEDES,"E CLASS",Black,Diesel
45204434,BO55OBZ,"LAND ROVER",DISCOVERY,Black,Diesel
45224121,BO55MON,PORSCHE,CAYENNE,Black,Diesel
45341895,BO55BKE,VOLKSWAGEN,CRAFTER,White,Diesel
45354731,BO55HWJ,FORD,FIESTA,Black,Petrol
45728478,BO55FLY,BMW,X5,Black,Diesel
45728979,BO55DMB,BMW,X6,Grey,Diesel
45729405,BO55UBS,MERCEDES-BENZ,SPRINTER,White,Diesel
45730418,BO55FLK,BMW,"3 SERIES",Black,Diesel
45801208,BO55RFB,"LAND ROVER","RANGE ROVER SPORT",White,Diesel
45809475,BO55GYL,"LAND ROVER",DISCOVERY,White,Diesel
45813233,BO55VCW,BMW,116,Blue,Diesel
45831104,BO55LVC,VOLKSWAGEN,CRAFTER,White,Diesel
45844095,BO55NTE,MAZDA,6,Black,Petrol
45864292,BO55WRT,"LAND ROVER",FREELANDER,White,Diesel
45931655,BO55DFK,CITROEN,RELAY,White,Diesel
45949891,BO55SLL,"LAND ROVER","RANGE ROVER",Black,Petrol
45970819,BO55RRG,"LAND ROVER","RANGE ROVER SPORT",Black,Petrol
46287527,BO55HWH,BMW,630,Black,Petrol
46593205,BO55OUL,MINI,MINI,Blue,Petrol
46602575,BO55UCC,BMW,520,Black,Diesel
46654854,BO55ZXA,AUDI,TT,Grey,Petrol
46694586,BO55WHN,"ASTON MARTIN","V8 VANTAGE",Blue,Petrol
46896996,BO55MXX,TESLA,"MODEL X",White,Electric
47001640,BO55KRV,PORSCHE,BOXSTER,Black,Petrol
47108166,BO55KUU,MERCEDES-BENZ,E,Black,Petrol
47108587,BO55VKO,"LAND ROVER","RANGE ROVER",White,Diesel
47272819,BO55FGA,FORD,TRANSIT,White,Diesel
47316474,BO55WRP,VAUXHALL,VIVARO,White,Diesel
47458822,BO55JLY,VAUXHALL,ASTRA,Black,Petrol
47501481,BO55BGA,FORD,TRANSIT,White,Diesel
47512314,BO55LWN,AUDI,S3,Blue,Petrol
47525821,BO55ONC,MERCEDES-BENZ,VITO,Grey,Diesel
47859327,BO55VPS,VOLKSWAGEN,POLO,Grey,Petrol
47914943,BO55GDS,CHRYSLER-JEEP,"GRAND VOYAGER",White,Diesel
48063068,BO55WVA,MERCEDES-BENZ,E,Grey,Diesel
48122848,BO55VAM,MINI,MINI,Black,Petrol
48159971,BO55BSN,MERCEDES-BENZ,SPRINTER,White,Diesel
48252399,BO55LEL,VOLKSWAGEN,PASSAT,Red,Diesel
48256169,BO55HJH,MERCEDES-BENZ,SPRINTER,White,Diesel
48267491,BO55OTB,TOYOTA,AYGO,White,Petrol
48331871,BO55UAE,"LAND ROVER","RANGE ROVER SPORT",Green,Petrol
48336903,BO55BEY,BMW,"3 SERIES",Yellow,Diesel
48343859,BO55BGX,BMW,"6 SERIES",Red,Petrol
48352837,BO55RDK,BMW,730,Black,Diesel
48394050,BO55AFV,"LAND ROVER","RANGE ROVER",Black,Diesel
48394475,BO55KSY,VOLKSWAGEN,PASSAT,White,Diesel
48403383,BO55BHT,"LAND ROVER","RANGE ROVER SPORT",Black,Diesel
48404035,BO55EPU,MASERATI,GRANTURISMO,Grey,Petrol
48552991,BO55SCJ,MITSUBISHI,SHOGUN,Red,Diesel
48588258,BO55DCX,"LAND ROVER","RANGE ROVER SPORT",Black,Petrol
48614926,BO55JCU,BMW,530,Grey,Diesel
48616744,BO55UZE,"LAND ROVER",DISCOVERY,Black,Diesel
48633220,BO55STB,AUDI,A1,Black,Diesel
48636101,BO55LAA,VOLKSWAGEN,GOLF,White,Petrol
48636103,BO55CBC,MERCEDES-BENZ,V,Silver,Diesel
48678561,BO55WPB,PORSCHE,"911 TARGA 4 AUTO",Red,Petrol
48718095,BO55NTG,JAGUAR,XJ,Black,Diesel
48743349,BO55JNM,VAUXHALL,INSIGNIA,Black,Diesel
48790470,BO55EBJ,AUDI,Q2,White,Petrol
48822331,BO55GRJ,VOLKSWAGEN,SCIROCCO,Black,Petrol
48848119,BO55GEK,MINI,COOPER,Grey,Petrol
48870573,BO55DCG,FORD,TRANSIT,White,Diesel
48900787,BO55ZBR,MERCEDES-BENZ,A-CLASS,White,Diesel
48914863,BO55AKN,FORD,FIESTA,Silver,Petrol
48934703,BO55VOX,NISSAN,NAVARA,White,Diesel
48938183,BO55CFK,MINI,"MINI (R57)",Red,Diesel
48952862,BO55AKU,MERCEDES-BENZ,GLC,Silver,Diesel
49012469,BO55SWZ,FORD,"TRANSIT CUSTOM 280LIMITD EBLUE",Black,Diesel
49096047,BO55PAP,BMW,M3,White,Petrol
49097504,BO55ELK,BMW,"3 SERIES",Black,Diesel
49287494,BO55DVV,MERCEDES-BENZ,"E 220 AMG LNE NGT ED PRM + D A",Silver,Diesel
49303490,BO55WWE,VOLKSWAGEN,"CARAVELLE EXECUTIVE TDI S-A",Black,Diesel
49306254,BO55URN,PEUGEOT,PARTNER,White,Diesel
49316260,BO55AXT,"LAND ROVER","RANGE ROVER VELAR",Grey,Diesel
49326211,BO55BJF,FORD,"TRANSIT CUSTOM 320LIMITD EBLUE",Black,Diesel
49341925,BO55KZZ,BMW,X5,Black,Diesel
49520300,BO55LHM,JAGUAR,XJ,Black,Diesel
49538631,BO55CKJ,JAGUAR,XF,White,Diesel
49551712,BO55JMR,VOLKSWAGEN,"TRANSPORTER T32 H-LINE TDI S-A",Grey,Diesel
49564563,BO55EPS,FORD,"TRANSIT CONNECT",Grey,Diesel
49581828,BO55AAC,MERCEDES-BENZ,CLS,Silver,Diesel
49584809,BO55KER,AUDI,A3,Black,Petrol
49619201,BO55SAN,TOYOTA,C-HR,White,"Hybrid Electric (Clean)"
49632927,BO55UBH,FORD,MONDEO,Silver,Diesel
49633514,BO55ZNA,VOLKSWAGEN,"POLO MATCH TSI S-A",Grey,Petrol
49644381,BO55AWK,BMW,M3,Grey,Petrol
49645614,BO55HWD,JAGUAR,F-PACE,White,Diesel
49654852,BO55HUX,MINI,COUNTRYMAN,Black,Petrol
49668593,BO55AMC,PORSCHE,BOXSTER,Red,Petrol
49672682,BO55ERJ,VOLKSWAGEN,"TRANSPORTER T32 HIGHLINE TDI",Bronze,Diesel
49677192,BO55VWA,VOLKSWAGEN,AMAROK,Grey,Diesel
49740526,BO55JBX,"LAND ROVER","R ROVER VELAR R-DYN SE D275 A",Black,Diesel
49789898,BO55TAH,BMW,X3,Blue,Diesel
49793630,BO55SUN,BENTLEY,BENTAYGA,Grey,Petrol
49794766,BO55YTM,"LAND ROVER","DISCOVERY HSE SD6 AUTO",Silver,Diesel
49826452,BO55BXY,VOLKSWAGEN,POLO,White,Petrol
49858020,BO55DDE,BMW,X3,White,Diesel
49865582,BO55XSK,BMW,X3,Black,Diesel
49870495,BO55RPB,"HARLEY DAVIDSON","",Red,Petrol
49947852,BO55GWF,PEUGEOT,BOXER,Black,Diesel
49996182,BO55MOO,"LAND ROVER","RANGE ROVER SPORT",Black,Petrol
50000102,BO55STZ,BMW,520,Blue,Diesel
50047637,BO55FOS,"LAND ROVER",DISCOVERY,Black,Diesel
50122716,BO55CNY,"LAND ROVER",DEFENDER,Grey,Diesel
50123176,BO55TTB,"LAND ROVER",DEFENDER,Grey,Diesel
50170830,BO55JBH,"LAND ROVER",DISCOVERY,Bronze,Diesel
50172199,BO55NFK,BMW,116,White,Diesel
50178355,BO55JLC,JAGUAR,XK,Grey,Petrol
50184562,BO55FLX,AUDI,A3,Black,Petrol
50211932,BO55JLB,TOYOTA,HILUX,Black,Diesel
50222991,BO55DKD,"LAND ROVER",DEFENDER,Black,Diesel
50277636,BO55TEE,BMW,520,Grey,Diesel
50288337,BO55CPM,FORD,TRANSIT,White,Diesel
50289343,BO55TOE,CITROEN,C4,Black,Diesel
50289543,BO55MRV,BMW,520,Black,Diesel
50292854,BO55JMO,BMW,"3 SERIES",Grey,Petrol
50369596,BO55MCC,VOLKSWAGEN,"TIGUAN MATCH TSI EVO",Grey,Petrol
50419610,BO55PDE,"LAND ROVER","DISCOVERY SPORT",Silver,Diesel
50430881,BO55RBT,FORD,"TRANSIT CONNECT",Grey,Diesel
50455033,BO55PJG,FORD,MUSTANG,Green,Petrol
50463596,BO55OEB,VOLKSWAGEN,TRANSPORTER,Silver,Diesel
50472722,BO55YCX,MITSUBISHI,L200,Pink,Diesel
50544315,BO55PPP,SUBARU,IMPREZA,Black,Petrol
50557013,BO55BEW,"LAND ROVER",DISCOVERY,Grey,Diesel
50605285,BO55CWS,PORSCHE,CAYMAN,Blue,Petrol
50612305,BO55CWD,MERCEDES-BENZ,SPRINTER,White,Diesel
50672452,BO55PLM,FORD,RANGER,White,Diesel
50702917,BO55LNB,RENAULT,TRAFIC,Silver,Diesel
50750171,BO55DHX,BMW,X5,White,Diesel
50785403,BO55CMS,BENTLEY,BENTAYGA,Red,Petrol
50898081,BO55RVC,BMW,"5 SERIES",Blue,Petrol
51046835,BO55YSH,MERCEDES-BENZ,"AMG A 45 S 4MATIC+ PLUS AUTO",White,Petrol
51046881,BO55JNU,FERRARI,"F8 TRIBUTO S-A",Red,Petrol
51056232,BO55VHE,FORD,"TRANSIT CUSTOM",Orange,Diesel
51163899,BO55KFG,"LAND ROVER","RANGE ROVER SPORT",White,Diesel
51191243,BO55GGN,MERCEDES-BENZ,SLK,Black,Petrol
51234477,BO55RVY,SEAT,LEON,Silver,Diesel
51252701,BO55RGT,"LAND ROVER",DISCOVERY,Black,Diesel
51313854,BO55DSC,AUDI,Q7,Black,Diesel
51365673,BO55WFX,JAGUAR,XF,Blue,Diesel
51373191,BO55KGD,BMW,420,Red,Petrol
51387005,BO55ZEG,MERCEDES-BENZ,E,White,Diesel
51399519,BO55ZLW,MERCEDES-BENZ,GLE,Black,Diesel
51483815,BO55JSH,"LAND ROVER","RANGE ROVER",Silver,Diesel
51510039,BO55LVT,FORD,TRANSIT,White,Diesel
51521574,BO55HDM,MERCEDES-BENZ,A,White,Petrol
51551946,BO55MLS,AUDI,A5,White,Diesel
51584048,BO55ENN,BMW,730,Grey,Diesel
51619699,BO55AZB,MERCEDES-BENZ,E,Silver,Diesel
51646327,BO55ANF,"LAND ROVER","DISCOVERY HSE SD6 AUTO",Black,Diesel
51661449,BO55MWN,FORD,RANGER,White,Diesel
51676981,BO55NZR,FORD,"TRANSIT CUSTOM 300LIMITD EBLUE",White,Diesel
51719425,BO55FAC,FORD,TRANSIT,Silver,Diesel
51755262,BO55ZAG,MITSUBISHI,"SHOGUN SPORT",Grey,Diesel
51931427,BO55PBK,"EASY RIDER","M 50 JC 50 Q-7",Red,Petrol
51951098,BO55LKW,VAUXHALL,"CORSA SRI NAV TURBO",Grey,Petrol
52018340,BO55TBS,"LAND ROVER",DISCOVERY,Black,Diesel
52122859,BO55CHV,BMW,M3,Orange,Petrol
52164657,BO55SBF,FORD,TRANSIT,White,Diesel
52190756,BO55FHS,BMW,M5,Grey,Petrol
52219150,BO55LGF,VOLKSWAGEN,POLO,Blue,Diesel
52224447,BO55COZ,NISSAN,PULSAR,Red,Diesel
52271505,BO55UNS,BENTLEY,MULSANNE,Green,Petrol
52284399,BO55MOD,"LAND ROVER","RANGE ROVER",Silver,Diesel
52305648,BO55AWD,MINI,COUNTRYMAN,Grey,Petrol
52305810,BO55FWK,FORD,RANGER,Black,Diesel
52309362,BO55JUY,JAGUAR,XE,Red,Petrol
52402433,BO55ZPS,HYUNDAI,"KONA PREMIUM SE GDI HEV S-A",Green,"Hybrid Electric (Clean)"
52408547,BO55GDB,VOLKSWAGEN,AMAROK,White,Diesel
52422711,BO55SRU,"LAND ROVER",DISCOVERY,Black,Diesel
52456914,BO55APC,FORD,TRANSIT,White,Diesel
52457341,BO55FLV,VOLKSWAGEN,CRAFTER,Silver,Diesel
52459412,BO55YTK,"LAND ROVER","RANGE ROVER VELAR",Gold,Diesel
52460223,BO55JLF,VOLKSWAGEN,CADDY,Black,Diesel
52481205,BO55EXH,AUDI,A5,Grey,Petrol
52488468,BO55ZTA,VAUXHALL,CORSA,Silver,Petrol
52494148,BO55FOR,FORD,MUSTANG,Black,Petrol
52501837,BO55NBS,ISUZU,D-MAX,White,Diesel
52505945,BO55ESO,LAMBORGHINI,GALLARDO,Yellow,Petrol
52522422,BO55SJA,MERCEDES-BENZ,C,Black,Diesel
52523893,BO55NXS,MERCEDES-BENZ,C,White,Petrol
52865687,BO55ZYG,BMW,"3 SERIES",Purple,Diesel
52898729,BO55KNG,PORSCHE,911,Grey,Petrol
52926919,BO55MOJ,MERCEDES-BENZ,"EQC 400 AMG LINE PREMIUM + 4M",Black,Electric
53005068,BO55CCW,"LAND ROVER","DEFENDER HARD TOP S D MHEV A",Black,Diesel
53023198,BO55TOA,LEVC,"TX VISTA COMFORT PLUS",Black,"Hybrid Electric (Clean)"
53053420,BO55GCW,"LAND ROVER","RANGE ROVER EVOQUE",Black,Diesel
53100597,BO55DVZ,CITROEN,DISPATCH,Silver,Diesel
53228899,BO55DBH,"LAND ROVER","RANGE ROVER SPORT",Grey,Diesel
53232534,BO55ZYZ,"ROLLS ROYCE","CULLINAN V12 AUTO",White,Petrol
53287451,BO55NWM,BMW,X5,Black,Diesel
53379330,BO55DPF,MERCEDES-BENZ,C,Red,Diesel
53462712,BO55AMR,BENTLEY,CONTINENTAL,Silver,Petrol
53542324,BO55AFE,FIAT,SCUDO,Grey,Diesel
53542769,BO55DGJ,PEUGEOT,PARTNER,White,Diesel
53547597,BO55MKT,MERCEDES-BENZ,GLC,Silver,Diesel
53603652,BO55SDA,LEXUS,RX400H,Black,Electric
53632850,BO55ZDP,VAUXHALL,"CROSSLAND X GRIFFIN",Red,Petrol
53722250,BO55NMK,AUDI,A1,White,Petrol
53724536,BO55YEC,AUDI,Q5,Grey,Diesel
53729763,BO55BBB,VOLKSWAGEN,POLO,Black,Petrol
53743359,BO55VVD,AUDI,"A5 S LINE ED 1 40 TFSI MHEV SA",Black,Petrol
53746966,BO55ANP,FORD,RANGER,Blue,Diesel
53769134,BO55SJS,FORD,"TRANSIT CUSTOM",Blue,Diesel
53893528,BO55XAM,FORD,RANGER,Black,Diesel
53893947,BO55JYX,FORD,FOCUS,Black,Petrol
53896889,BO55ZET,AUDI,TT,Red,Diesel
53898397,BO55LCT,MERCEDES-BENZ,B-CLASS,Silver,Diesel
53898840,BO55MYD,FORD,RANGER,White,Diesel
54054461,BO55NEY,"LAND ROVER",DEFENDER,Grey,Diesel
54125908,BO55PAF,"LAND ROVER",DISCOVERY,Black,Diesel
54128746,BO55MMO,"LAND ROVER","RANGE ROVER SPORT",Black,Diesel
54129080,BO55PHO,MERCEDES-BENZ,VITO,Silver,Diesel
54134323,BO55RPR,MERCEDES-BENZ,SPRINTER,White,Diesel
54136071,BO55WFM,MCLAREN,570,Orange,Petrol
54144330,BO55REC,"LAND ROVER","DEFENDER S D MHEV AUTO",White,Diesel
54177957,BO55BPJ,"LAND ROVER","RANGE ROVER SPORT",Grey,Diesel
54184866,BO55MCT,NISSAN,NAVARA,Yellow,Diesel
54247193,BO55JPV,FORD,TRANSIT,White,Diesel
54254647,BO55GKJ,AUDI,A5,White,Diesel
54276074,BO55SEV,BMW,"3 SERIES",Black,Diesel
54401985,BO55XXH,AUDI,A5,Blue,Petrol
54436286,BO55WBB,FORD,TRANSIT,Silver,Diesel
54438962,BO55JXL,"LAND ROVER","RANGE ROVER SPORT",Grey,Diesel
54458235,BO55JZM,AUDI,A3,Red,Diesel
54484674,BO55TPW,BMW,"3 SERIES",Black,Petrol
54491942,BO55SMW,TOYOTA,HILUX,White,Diesel
54499399,BO55LUE,FIAT,500,Pink,Petrol
54518568,BO55XLG,"LAND ROVER","DISCOVERY HSE SD6 AUTO",Blue,Diesel
54550733,BO55EHA,BMW,"7 SERIES",Grey,Petrol
54591468,BO55HYM,MERCEDES-BENZ,HYMER,Silver,Diesel
54618335,BO55GCH,FORD,KUGA,Grey,Diesel
54638333,BO55AFO,"LAND ROVER","RANGE ROVER EVOQUE",White,Diesel
54654897,BO55OYD,VOLKSWAGEN,GOLF,White,Diesel
54663094,BO55BBA,PORSCHE,CAYENNE,Black,Diesel
54681240,BO55DAL,MAZDA,3,Red,Petrol
54681790,BO55GZR,CITROEN,BERLINGO,White,Diesel
54699753,BO55KEN,BMW,X1,Blue,Diesel
54712518,BO55CTR,HONDA,CIVIC,Grey,Petrol
54717012,BO55BRA,SKODA,FABIA,Red,Petrol
54780945,BO55GKP,AUDI,Q3,Grey,Petrol
54836577,BO55MCG,VOLKSWAGEN,TOUAREG,Black,Diesel
54837673,BO55WOD,MERCEDES-BENZ,A-CLASS,Black,Petrol
54842518,BO55JDR,AUDI,TT,White,Petrol
54862542,BO55MVG,"LAND ROVER","RANGE ROVER SPORT",Black,Petrol
54892801,BO55NUG,MERCEDES-BENZ,E,White,Diesel
54898694,BO55ELE,BMW,"3 SERIES",Blue,Diesel
54908730,BO55ZEP,BMW,420,White,Diesel
55186509,BO55TRO,VOLKSWAGEN,AMAROK,Beige,Diesel
55206062,BO55CCP,"LAND ROVER","RANGE ROVER",White,Diesel
55223355,BO55MRW,"LAND ROVER","RANGE ROVER",Blue,Diesel
55234191,BO55WDH,FORD,TRANSIT,White,Diesel
55242534,BO55JWK,FORD,FIESTA,White,Petrol
55256752,BO55JWY,YAMAHA,"BWS 125",Black,Petrol
55275355,BO55ECN,TOYOTA,HILUX,Grey,Diesel
55276985,BO55YSL,AUDI,Q7,Black,Diesel
55326704,BO55NGM,"LAND ROVER","RANGE ROVER SPORT",Black,Diesel
55327219,BO55LNX,TESLA,"MODEL X",Grey,Electric
55329957,BO55CJE,"LAND ROVER","RANGE ROVER SPORT",Black,Diesel
55332150,BO55NWD,FORD,FIESTA,Green,Petrol
55463448,BO55TGA,JEEP,"GRAND CHEROKEE",Grey,Diesel
55494265,BO55GNJ,FIAT,DUCATO,Blue,Diesel
55497099,BO55NFT,JAGUAR,XF,Black,Petrol
55501802,BO55HCM,RENAULT,TRAFIC,Blue,Diesel
55523247,BO55SNB,VOLKSWAGEN,TIGUAN,White,Diesel
55572742,BO55YPT,BENTLEY,CONTINENTAL,Green,Petrol
55666567,BO55HYD,MERCEDES-BENZ,CLS,Grey,Diesel
55727225,BO55GBG,KIA,SPORTAGE,Grey,Petrol
55764039,BO55DPO,MERCEDES-BENZ,SPRINTER,Black,Diesel
55793793,BO55UUK,AUDI,A4,White,Diesel
55801601,BO55JDK,BMW,535,Blue,Diesel
55806656,BO55DWY,LEXUS,"NX 350H TAKUMI CVT",Black,"Hybrid Electric (Clean)"
55816263,BO55PFZ,"LAND ROVER","RANGE ROVER SPORT",Grey,Diesel
55937096,BO55RGL,"LAND ROVER",DISCOVERY,Grey,Diesel
55950685,BO55OSK,MERCEDES-BENZ,GLC,Grey,Diesel
56005779,BO55VWW,VOLKSWAGEN,CRAFTER,White,Diesel
56006914,BO55EVR,AUDI,A6,Grey,Diesel
56010377,BO55LPA,TOYOTA,"HILUX INVINCIB X D-4D4WD DCB A",Orange,Diesel
56055039,BO55KCR,VAUXHALL,COMBO,Black,Diesel
56061499,BO55PAU,"ASTON MARTIN",VANTAGE,Blue,Petrol
56068424,BO55EZW,MERCEDES-BENZ,A-CLASS,Black,Diesel
56081693,BO55ELX,MERCEDES-BENZ,X,Black,Diesel
56113332,BO55KHS,AUDI,TT,Multi-colour,Diesel
56114458,BO55XMB,MERCEDES-BENZ,A-CLASS,Grey,Petrol
56127655,BO55VRA,MERCEDES-BENZ,GT,Black,Petrol
56128656,BO55LFP,FORD,"TRANSIT CUSTOM 320LMTD EBLUE A",Grey,Diesel
56149067,BO55NEU,MERCEDES-BENZ,SLK,Silver,Petrol
56163228,BO55LSU,VOLKSWAGEN,TOUAREG,Blue,Diesel
56177831,BO55EZZ,BMW,"3 SERIES",Blue,Diesel
56184761,BO55DKG,PORSCHE,CAYENNE,Black,"Hybrid Electric (Clean)"
56203139,BO55DHE,FORD,ECOSPORT,Blue,Petrol
56282493,BO55CNZ,PORSCHE,CAYENNE,Grey,Petrol
56292684,BO55RJR,NISSAN,PATHFINDER,Silver,Diesel
56317034,BO55BSC,BMW,"3 SERIES",Black,Diesel
56376262,BO55DEF,"LAND ROVER",DEFENDER,Black,Diesel
56413527,BO55RYO,BMW,116,White,Petrol
56426496,BO55YET,BMW,X2,White,Petrol
56430260,BO55SHC,AUDI,A5,Red,Petrol
56437780,BO55TFM,JAGUAR,F-PACE,Grey,Diesel
56438399,BO55YZO,"LAND ROVER","RANGE ROVER",Black,Diesel
56449986,BO55ZCK,"LAND ROVER","DEFENDER SE D AUTO",Black,Diesel
56456782,BO55DNA,VOLKSWAGEN,TRANSPORTER,Red,Diesel
56459283,BO55YCD,HYUNDAI,"TUCSON N LN48V MHEV CRDI2WD SA",Red,"Electric Diesel"
56462113,BO55KVO,MERCEDES-BENZ,"CL 500",Black,Petrol
56462543,BO55JHD,JAGUAR,XKR,Blue,Petrol
56471056,BO55WMG,MERCEDES-BENZ,E,Silver,Diesel
56481758,BO55AVM,BMW,"3 SERIES",Black,Diesel
56505156,BO55FRK,TOYOTA,PRIUS,White,"Hybrid Electric (Clean)"
56549870,BO55NAX,FORD,TRANSIT,Blue,Diesel
56553056,BO55AOY,FERRARI,"CALIFORNIA 2 PLUS 2 S-A",Black,Petrol
56568942,BO55SLN,"LAND ROVER","RANGE ROVER SPORT",Blue,Diesel
56570550,BO55MED,FORD,TRANSIT,Silver,Diesel
56572071,BO55SBU,MERCEDES-BENZ,C,Black,Petrol
56593706,BO55ZES,VOLKSWAGEN,"GOLF R-LINE TDI S-A",Grey,Diesel
56599701,BO55PGT,MERCEDES-BENZ,GLA,Black,Petrol
56604213,BO55UBY,PORSCHE,CAYENNE,Grey,Diesel
56632950,BO55RMW,"LAND ROVER","RANGE ROVER EVOQUE",Green,Diesel
56634767,BO55AWJ,MERCEDES-BENZ,VIANO,Silver,Diesel
56661407,BO55RFY,BMW,"X5 M50I AUTO",Black,Petrol
56681130,BO55FJF,FORD,FIESTA,Red,Petrol
56705812,BO55PNL,"LAND ROVER",DISCOVERY,Black,Diesel
56708929,BO55EJS,"LAND ROVER","DISCOVERY HSE SDV6 AUTO",Black,Diesel
56733918,BO55PMO,RENAULT,CLIO,White,Diesel
56753756,BO55NCR,"LAND ROVER","RANGE ROVER EVOQUE",Blue,Diesel
56756290,BO55ELJ,AUDI,"A3 S LINE EDITION 1 35 TFSI",Blue,Petrol
56762746,BO55MDU,FORD,TRANSIT,Silver,Diesel
56811486,BO55AZZ,AUDI,RS3,Grey,Petrol
56828939,BO55SVK,BMW,218,Black,Petrol
56864037,BO55RBB,VOLKSWAGEN,TRANSPORTER,Purple,Diesel
56881781,BO55XXP,BMW,420,Black,Diesel
56901130,BO55APO,"LAND ROVER","RANGE ROVER SPORT",Black,Diesel
56948021,BO55AKG,MERCEDES-BENZ,C,White,Petrol
56995821,BO55NAC,"LAND ROVER","RANGE ROVER SPORT",White,Diesel
56998845,BO55KVM,BENTLEY,CONTINENTAL,Grey,Petrol
57002724,BO55ZKA,"LAND ROVER","RANGE ROVER SPORT",Black,Petrol
57008915,BO55MAM,VOLKSWAGEN,GOLF,Red,Petrol
57015029,BO55BOW,VOLVO,XC60,Blue,Diesel
57029720,BO55YHH,"LAND ROVER","RANGE ROVER",Black,Diesel
57029788,BO55WTZ,LEXUS,UX,White,"Hybrid Electric (Clean)"
57029931,BO55ETP,FORD,KUGA,Green,Diesel
57029933,BO55DGP,JAGUAR,XF,Grey,Diesel
57029955,BO55MKK,BMW,"3 SERIES",Black,Petrol
57046058,BO55DOE,BMW,420,Blue,Diesel
57088941,BO55XYX,BMW,I8,Silver,"Hybrid Electric (Clean)"
57095016,BO55GZT,VOLKSWAGEN,TIGUAN,Grey,Diesel
57102949,BO55RFC,BMW,"3 SERIES",Brown,Petrol
57125034,BO55AAO,VOLKSWAGEN,CADDY,White,Diesel
57153576,BO55JYE,BENTLEY,CONTINENTAL,White,Petrol
57164911,BO55PBH,AUDI,A5,Black,Petrol
57166009,BO55CDB,"LAND ROVER","RANGE ROVER VELAR",Grey,Diesel
57182036,BO55SAC,BMW,R1250,Multi-colour,Petrol
57182664,BO55EAY,MERCEDES-BENZ,G-CLASS,Black,Petrol
57184028,BO55NHK,KIA,SPORTAGE,Black,Diesel
57190219,BO55JWF,FORD,RANGER,White,Diesel
57198969,BO55GXU,"LAND ROVER","RANGE ROVER SPORT",Grey,Diesel
57206258,BO55ZDG,"LAND ROVER","RANGE ROVER SPORT",Black,Diesel
57207267,BO55OKR,"LAND ROVER","RANGE ROVER",Grey,Diesel
57221147,BO55TRF,IVECO,DAILY,White,Diesel
57236948,BO55AUR,MERCEDES-BENZ,C,Blue,Petrol
57239031,BO55TRY,BMW,316,Green,Petrol
57242517,BO55DMO,AUDI,A5,Red,Diesel
57242963,BO55AXM,BMW,X3,Black,Petrol
57243775,BO55SFM,"LAND ROVER",DISCOVERY,Silver,Diesel
57261886,BO55HJF,AUDI,Q2,Grey,Petrol
57268344,BO55RET,AUDI,Q5,Grey,Diesel
57279895,BO55PKE,MAZDA,3,Silver,Petrol
57282174,BO55UPH,VOLKSWAGEN,TRANSPORTER,Grey,Diesel
57304171,BO55KJO,FORD,FIESTA,Red,Petrol
57314253,BO55RRT,BMW,435,Black,Diesel
57315277,BO55SEK,BMW,"M4 COMPETITION M XDRIVE AUTO",Brown,Petrol
57324373,BO55AKD,FIAT,DOBLO,Multi-colour,Diesel
57328344,BO55KBG,"LAND ROVER","RANGE ROVER",Silver,Diesel
57337340,BO55SKW,MERCEDES-BENZ,"GLC 300 AMG LINE PREM + E 4M A",Blue,"Hybrid Electric (Clean)"
57358692,BO55DYR,BMW,"X2 SDRIVE20I M SPORT AUTO",White,Petrol
57363250,BO55VEZ,HYUNDAI,TUCSON,Black,Petrol
57364106,BO55RJZ,MERCEDES-BENZ,C,White,Petrol
57376960,BO55JJD,MINI,COOPER,Red,Petrol
57420396,BO55LWT,AUDI,"Q7 S LINE 45 TDI MHEV QUAT A",Blue,Diesel
57426562,BO55OZA,MERCEDES-BENZ,"GLE 350 AMG LINE DE 4MATIC A",Black,"Electric Diesel"
57438874,BO55EUS,JAGUAR,XE,Black,Diesel
57444786,BO55RPK,FORD,EDGE,Orange,Diesel
57457084,BO55BMO,SUZUKI,JIMNY,White,Petrol
57471367,BO55ZAW,"LAND ROVER","DISCOVERY SPORT",Black,Diesel
57471398,BO55WRX,TOYOTA,"GR YARIS 4WD",Red,Petrol
57486314,BO55KHE,"LAND ROVER",FREELANDER,White,Diesel
57513795,BO55TTT,TESLA,"MODEL Y LONG RANGE AWD",White,Electric
57529985,BO55JBM,VOLKSWAGEN,TRANSPORTER,Silver,Diesel
57537113,BO55FXR,"LAND ROVER","RANGE ROVER SPORT",Blue,Diesel
57541434,BO55CJK,FORD,RANGER,Black,Diesel
57550070,BO55TNR,MERCEDES-BENZ,E,Silver,Diesel
57584977,BO55COO,MERCEDES-BENZ,E,Silver,Diesel
57591726,BO55PGS,"LAND ROVER",FREELANDER,Red,Diesel
57600703,BO55RPF,FORD,"TRANSIT CONNECT",White,Diesel
57601083,BO55NGL,FIAT,"ROLLER TEAM",White,Diesel
57623967,BO55PPO,BMW,"5 SERIES",Black,Diesel
57640882,BO55BDA,BMW,435,Grey,Petrol
57655091,BO55LBL,"LAND ROVER","RANGE ROVER SPORT",Black,Diesel
57664996,BO55CKL,PEUGEOT,208,White,Petrol
57666210,BO55ZJM,JAGUAR,F-TYPE,Silver,Petrol
57686065,BO55LJK,VOLVO,XC40,Grey,Diesel
57698930,BO55DSG,AUDI,A3,Blue,Petrol
57700249,BO55GEY,FORD,RANGER,Grey,Diesel
57717801,BO55GJL,VAUXHALL,ZAFIRA,Silver,Diesel
57727791,BO55ESR,FORD,ECOSPORT,Blue,Petrol
57728752,BO55TVT,BMW,X5,White,Diesel
57728864,BO55LHY,BMW,"X2 SDRIVE20I SPORT AUTO",Black,Petrol
57754853,BO55HOP,BMW,750,Grey,Petrol
57759697,BO55LSA,MINI,COOPER,Black,Petrol
57765832,BO55FLF,KIA,SPORTAGE,Black,Petrol
57777005,BO55DEJ,"LAND ROVER","R ROVER SPRT HSE SLVR D MHEV A",Grey,Diesel
57801699,BO55WTB,NISSAN,NAVARA,Black,Diesel
57810774,BO55KJC,"LAND ROVER","RANGE ROVER VELAR",Black,Petrol
57829213,BO55PWL,"LAND ROVER","RANGE ROVER",Grey,Diesel
57842360,BO55PNJ,MERCEDES-BENZ,E,White,Diesel
57844964,BO55ZEK,AUDI,Q5,White,Diesel
57899179,BO55EMA,MERCEDES-BENZ,CLA,Purple,Diesel
57903442,BO55JGO,VOLKSWAGEN,TOUAREG,White,Diesel
57906827,BO55FAW,BMW,X5,White,Diesel
57922659,BO55VVB,VAUXHALL,"VIVARO 2900 DYNAMIC S/S",White,Diesel
57929436,BO55GLS,MERCEDES-BENZ,SPRINTER,Silver,Diesel
57940231,BO55COM,SKODA,SUPERB,Grey,Diesel
57941928,BO55EAR,AUDI,"SQ7 VORSPRUNG TFSI QUATTRO A",Silver,Petrol
57948146,BO55ADR,VOLKSWAGEN,CADDY,Grey,Diesel
57964208,BO55RBH,FORD,"TRANSIT CUSTOM 280LIMITD EBLUE",Black,Diesel
57969447,BO55JUZ,"LAND ROVER",DEFENDER,Green,Diesel
57972213,BO55WSW,FIAT,DOBLO,White,Diesel
57973320,BO55NJP,HYUNDAI,TUCSON,Black,Petrol
57986067,BO55NVT,FORD,"TOURNEO CONNECT",Orange,Diesel
58013936,BO55KJJ,AUDI,Q7,White,Diesel
58015718,BO55GHL,"LAND ROVER","RANGE ROVER SPORT",Grey,Diesel
58041528,BO55KXC,MERCEDES-BENZ,E,Black,Diesel
58070543,BO55RMK,BENTLEY,CONTINENTAL,Red,Petrol
58074285,BO55AXO,BMW,"3 SERIES",Silver,Diesel
58074573,BO55AEE,"LAND ROVER","RANGE ROVER",Gold,Diesel
58075132,BO55ZFW,PORSCHE,BOXSTER,Grey,Petrol
58078747,BO55SWT,"LAND ROVER","RANGE ROVER SPORT",Red,Diesel
58082747,BO55NKE,"LAND ROVER","RROVER EVOQUE R-DYN SE P300E A",White,"Hybrid Electric (Clean)"
58101298,BO55DOT,BMW,"5 SERIES",Black,"Hybrid Electric (Clean)"
58106009,BO55KVH,MERCEDES-BENZ,"E 220 AMG LNE NGT ED PRM + D A",Silver,Diesel
58113764,BO55OGB,"LAND ROVER","RANGE ROVER VELAR",Black,Diesel
58116092,BO55MFZ,BMW,"1 SERIES",Black,Diesel
58122969,BO55YOW,"LAND ROVER","RANGE ROVER EVOQUE",Black,Diesel
58132703,BO55CXN,BMW,"1 SERIES",Blue,Diesel
58144699,BO55ALO,BMW,118,Grey,Petrol
58147011,BO55OKO,MERCEDES-BENZ,"GLC 300 AMG LINE PREM + D 4M A",White,Diesel
58193021,BO55SBX,PORSCHE,PANAMERA,Silver,Petrol
58215467,BO55BWW,MERCEDES-BENZ,E,White,Diesel
58227136,BO55REU,BMW,"7 SERIES",Black,Diesel
58231644,BO55NDM,FORD,TRANSIT,Black,Diesel
58234941,BO55OPK,VOLKSWAGEN,POLO,Black,Petrol
58256377,BO55FHB,"LAND ROVER","RANGE ROVER SPORT HSE AUTO",Silver,Petrol
58293867,BO55YYB,BMW,X5,Black,"Hybrid Electric (Clean)"
58296260,BO55DYA,AUDI,A7,White,Diesel
58296677,BO55CGP,ABARTH,595,Blue,Petrol
58300167,BO55AHN,BMW,X5,Black,Diesel
58301466,BO55BPN,"LAND ROVER","RANGE ROVER SPORT",Black,Diesel
58301596,BO55WHX,BMW,M4,Blue,Petrol
58303678,BO55JVT,MERCEDES-BENZ,CLS,Black,Diesel
58311370,BO55YNE,MITSUBISHI,L200,White,Diesel
58315857,BO55DUL,AUDI,A7,Black,Diesel
58333500,BO55OGV,FORD,RANGER,Green,Diesel
58340764,BO55BKX,FORD,FIESTA,Black,Diesel
58353935,BO55ARN,BMW,X4,Black,Diesel
58361136,BO55WTP,MITSUBISHI,"L200 BARBARIAN X DI-D AUTO",Black,Diesel
58366734,BO55GNK,MAZDA,3,Grey,Petrol
58373230,BO55OGJ,FORD,RANGER,White,Diesel
58376188,BO55TPF,VOLVO,XC40,Bronze,Diesel
58380109,BO55RUJ,SKODA,KODIAQ,Black,Petrol
58380407,BO55PHN,AUDI,A1,Black,Diesel
58380525,BO55WJC,"LAND ROVER","R ROVER EVOQUE FIRST EDITION A",Grey,Petrol
58406021,BO55RJS,VOLKSWAGEN,CRAFTER,Grey,Diesel
58434631,BO55NOV,NISSAN,"JUKE TEKNA + DIG-T",Red,Petrol
58436835,BO55NBT,VOLVO,S90,Silver,Diesel
58460196,BO55OCC,VOLKSWAGEN,POLO,White,Petrol
58470178,BO55NOM,PORSCHE,macan,Black,Petrol
58470255,BO55ZHX,MERCEDES-BENZ,A,Black,Petrol
58471307,BO55RJP,KIA,SPORTAGE,Black,Diesel
58487797,BO55WRM,VOLKSWAGEN,CADDY,White,Diesel
58496525,BO55YKL,"LAND ROVER",DISCOVERY,White,Diesel
58496693,BO55AGA,MASERATI,"LEVANTE S AUTO",Blue,Petrol
58518197,BO55UKX,MERCEDES-BENZ,S-Class,Silver,Diesel
58522567,BO55MEP,MERCEDES-BENZ,S-Class,Black,Diesel
58539912,BO55ECE,"LAND ROVER","DISCOVERY HSE D MHEV AUTO",Grey,Diesel
58557646,BO55WBM,MERCEDES-BENZ,GLE,White,Diesel
58558899,BO55BVV,"LAND ROVER","R ROVER VELAR RDYN HSE DMHEV A",Silver,Diesel
58559641,BO55XCC,MINI,COUNTRYMAN,White,Diesel
58614696,BO55JJG,BMW,"5 SERIES",Blue,"Hybrid Electric (Clean)"
58622170,BO55HLX,TOYOTA,"HILUX INVINCIBLE X D-4D4WD DCB",Bronze,Diesel
58638939,BO55CEM,BMW,X6,White,Diesel
58665406,BO55KAA,MERCEDES-BENZ,C,White,Diesel
58666908,BO55KYO,HYUNDAI,I30,Blue,Diesel
58677211,BO55JOY,KIA,SPORTAGE,Red,Petrol
58720749,BO55LFT,MERCEDES-BENZ,C,Silver,Petrol
58723373,BO55SBK,ISUZU,D-MAX,Black,Diesel
58746803,BO55DST,JAGUAR,F-PACE,Grey,Diesel
58746825,BO55PGB,FORD,RANGER,Grey,Diesel
58746901,BO55GEL,BMW,X3,Black,Diesel
58765179,BO55UKK,SEAT,LEON,White,Petrol
58773815,BO55STS,DODGE,UNKNOWN,Black,Petrol
58777890,BO55BDF,BMW,I3,Grey,"Hybrid Electric (Clean)"
58782955,BO55OYB,"LAND ROVER","DEFENDER XDYNAMIC HSE D MHEV A",Grey,Diesel
58789134,BO55JCM,BMW,"3 SERIES",Blue,Petrol
58789287,BO55CAP,MITSUBISHI,OUTLANDER,Brown,"Hybrid Electric (Clean)"
58798034,BO55ARL,BMW,"X7 XDRIVE40D M SPORT MHEV AUTO",White,"Electric Diesel"
58823016,BO55WEW,AUDI,A6,White,Diesel
58827555,BO55WPT,MERCEDES-BENZ,B-CLASS,Silver,Diesel
58850568,BO55PUN,BMW,420,Black,Petrol
58868937,BO55EJP,HONDA,"JAZZ EX I-MMD CVT",Blue,"Hybrid Electric (Clean)"
58875032,BO55LWB,NISSAN,NAVARA,Black,Diesel
58910892,BO55SHP,BMW,"8 SERIES",Black,Petrol
58927940,BO55GRZ,FORD,"TRANSIT CUSTOM",Grey,Diesel
58930832,BO55LCY,FORD,FIESTA,Grey,Petrol
58946465,BO55KDN,"LAND ROVER","RANGE ROVER SPORT",Blue,Petrol
58956124,BO55EVZ,MERCEDES-BENZ,C,Silver,Diesel
58963978,BO55RFX,"LAND ROVER","R ROVER EVOQUE R-DYN S D 4X2",White,Diesel
58968136,BO55HPP,AUDI,"Q3 S LINE EDITION 1 35 TDI S-A",White,Diesel
59005902,BO55PRM,BMW,"330E M SPORT AUTO",Blue,"Hybrid Electric (Clean)"
59010791,BO55CJC,FORD,"TRANSIT CUSTOM 280LIMITD EBLUE",White,Diesel
59027908,BO55JNV,HYUNDAI,"SANTA FE",Brown,Diesel
59039655,BO55JLH,FORD,FOCUS,Black,Petrol
59041500,BO55FPT,"LAND ROVER",DISCOVERY,Black,Diesel
59071965,BO55HCG,"LAND ROVER","RANGE ROVER",Grey,Diesel
59072284,BO55WBE,MERCEDES-BENZ,SPRINTER,Silver,Diesel
59072316,BO55EKT,MERCEDES-BENZ,GLC,Black,Diesel
59079777,BO55USF,AUDI,A6,Blue,Diesel
59082400,BO55AHF,CITROEN,BERLINGO,Blue,Diesel
59105780,BO55GLZ,VOLKSWAGEN,GOLF,Grey,Diesel
59110678,BO55XXM,BMW,330,Black,"Hybrid Electric (Clean)"
59127324,BO55VMX,TRIUMPH,TIGER,Green,Petrol
59129140,BO55ZNH,JEEP,COMPASS,Blue,Diesel
59162767,BO55SJB,TOYOTA,HILUX,Black,Diesel
59171164,BO55UMX,VOLKSWAGEN,"ARTEON R-LINE BITDI SCR 4M SA",Blue,Diesel
59171608,BO55LUS,FORD,"TRANSIT CUSTOM 320LMTD EBLUE A",Silver,Diesel
59185165,BO55OAT,MINI,"JOHN COOPER WORKS",Grey,Petrol
59188034,BO55FGN,AUDI,TT,White,Petrol
59189203,BO55MYR,JEEP,"GRAND CHEROKEE",Black,Diesel
59200396,BO55MXM,"LAND ROVER",DEFENDER,Red,Diesel
59203868,BO55TAP,"LAND ROVER","RANGE ROVER SPORT",Red,Diesel
59224007,BO55VME,BMW,X1,Black,Diesel
59230097,BO55EHO,KIA,SPORTAGE,White,Petrol
59241382,BO55ZEO,MERCEDES-BENZ,C,Red,Petrol
59269268,BO55WON,MERCEDES-BENZ,GLC,Black,Petrol
59275472,BO55VSL,BMW,"X5 XDRIVE45E M SPORT AUTO",Black,"Hybrid Electric (Clean)"
59295226,BO55KJS,BMW,"6 SERIES",White,Diesel
59305689,BO55CSO,FORD,MUSTANG,Grey,Petrol
59327165,BO55YCH,PEUGEOT,5008,Black,Diesel
59336635,BO55WGN,HONDA,STEPWAGON,Blue,Petrol
59342277,BO55RRA,"LAND ROVER","RANGE ROVER",White,Diesel
59344422,BO55KWC,VOLKSWAGEN,"TIGUAN MATCH TDI",Grey,Diesel
59358666,BO55TJF,JAGUAR,F-TYPE,Red,Petrol
59362814,BO55TKB,"LAND ROVER",DISCOVERY,Grey,Diesel
59381681,BO55RCJ,NISSAN,QASHQAI,Black,Petrol
59396399,BO55LFC,MERCEDES-BENZ,E,White,Diesel
59398047,BO55SHJ,VOLKSWAGEN,POLO,Black,Petrol
59403130,BO55TXM,MERCEDES-BENZ,E,White,Diesel
59415797,BO55PWS,VOLKSWAGEN,AMAROK,Black,Diesel
59418512,BO55TYN,FORD,RANGER,White,Diesel
59420741,BO55PYE,FORD,FIESTA,Blue,Diesel
59428952,BO55BMC,"LAND ROVER","RANGE ROVER SPORT",White,Diesel
59429340,BO55SPL,FORD,EDGE,Black,Diesel
59474273,BO55AKW,FORD,MUSTANG,Black,Petrol
59486708,BO55RYY,MITSUBISHI,L200,White,Diesel
59502524,BO55ECL,JAGUAR,"F-PACE RDYNAM HSE D MHEV AWD A",Grey,Diesel
59502547,BO55VHP,TOYOTA,"HILUX INVINCIB X D-4D4WD DCB A",Grey,Diesel
59521928,BO55NAZ,MERCEDES-BENZ,"GLB 200 AMG LINE PREMIUM D A",White,Diesel
59531816,BO55WDA,VOLKSWAGEN,"TRANSPORTER T28 H-LINE TDI S-A",Grey,Diesel
59558955,BO55VTU,"LAND ROVER","RANGE ROVER VELAR",Black,Diesel
59596523,BO55NPG,AUDI,Q5,Grey,Petrol
59614875,BO55GXG,VOLKSWAGEN,GOLF,Black,Petrol
59622005,BO55JOO,VOLKSWAGEN,TIGUAN,Grey,Diesel
59640836,BO55URY,AUDI,Q5,Blue,Petrol
59654973,BO55OSS,VOLKSWAGEN,TRANSPORTER,Blue,Diesel
59664747,BO55NLC,"LAND ROVER","RANGE ROVER",White,Diesel
59690195,BO55LSD,VOLKSWAGEN,T-ROC,Silver,Petrol
59691594,BO55SPZ,BMW,"1 SERIES",Black,Petrol
59695318,BO55TSO,AUDI,A4,White,Petrol
59695666,BO55TRA,VOLKSWAGEN,TIGUAN,Blue,Diesel
59700070,BO55DUY,"LAND ROVER","RANGE ROVER VELAR",White,Diesel
59718203,BO55FLP,VOLKSWAGEN,GOLF,Yellow,Petrol
